Original Name,User-Friendly Name,Table
timestep,Timestep,simulation_data
date,Date,simulation_data
run,Run,simulation_data
te_total_supply,Te Total Supply,simulation_data
te_circulating_supply,Te Circulating Supply,simulation_data
te_unvested_supply,Te Unvested Supply,simulation_data
te_holding_supply,Te Holding Supply,simulation_data
te_MC,Te Mc,simulation_data
te_FDV_MC,Te Fdv Mc,simulation_data
te_selling_perc,Te Selling Perc,simulation_data
te_utility_perc,Te Utility Perc,simulation_data
te_holding_perc,Te Holding Perc,simulation_data
te_remove_perc,Te Remove Perc,simulation_data
te_selling_allocation,Te Selling Allocation,simulation_data
te_utility_allocation,Te Utility Allocation,simulation_data
te_holding_allocation,Te Holding Allocation,simulation_data
te_selling_allocation_cum,Te Selling Allocation Cum,simulation_data
te_utility_allocation_cum,Te Utility Allocation Cum,simulation_data
te_holding_allocation_cum,Te Holding Allocation Cum,simulation_data
te_tokens_vested_cum,Te Tokens Vested Cum,simulation_data
te_tokens_burned,Te Tokens Burned,simulation_data
te_tokens_burned_cum,Te Tokens Burned Cum,simulation_data
te_tokens_burned_usd,Te Tokens Burned Usd,simulation_data
te_minted_tokens,Te Minted Tokens,simulation_data
te_minted_tokens_cum,Te Minted Tokens Cum,simulation_data
te_minted_tokens_usd,Te Minted Tokens Usd,simulation_data
te_incentivised_tokens,Te Incentivised Tokens,simulation_data
te_incentivised_tokens_usd,Te Incentivised Tokens Usd,simulation_data
te_incentivised_tokens_cum,Te Incentivised Tokens Cum,simulation_data
te_airdrop_tokens,Te Airdrop Tokens,simulation_data
te_airdrop_tokens_usd,Te Airdrop Tokens Usd,simulation_data
te_airdrop_tokens_cum,Te Airdrop Tokens Cum,simulation_data
lp_tokens,Lp Tokens,simulation_data
lp_usdc,Lp Usdc,simulation_data
lp_constant_product,Lp Constant Product,simulation_data
lp_token_price,Lp Token Price,simulation_data
lp_valuation,Lp Valuation,simulation_data
lp_volatility,Lp Volatility,simulation_data
lp_token_price_max,Lp Token Price Max,simulation_data
lp_token_price_min,Lp Token Price Min,simulation_data
lp_tokens_after_adoption,Lp Tokens After Adoption,simulation_data
lp_tokens_after_liquidity_addition,Lp Tokens After Liquidity Addition,simulation_data
lp_tokens_after_buyback,Lp Tokens After Buyback,simulation_data
angle_agents,Angle Agents,simulation_data
angle_a_name,Angle A Name,simulation_data
angle_a_type,Angle A Type,simulation_data
angle_a_usd_funds,Angle A Usd Funds,simulation_data
angle_a_tokens,Angle A Tokens,simulation_data
angle_a_tokens_vested,Angle A Tokens Vested,simulation_data
angle_a_tokens_vested_cum,Angle A Tokens Vested Cum,simulation_data
angle_a_tokens_airdropped,Angle A Tokens Airdropped,simulation_data
angle_a_tokens_airdropped_cum,Angle A Tokens Airdropped Cum,simulation_data
angle_a_tokens_incentivised,Angle A Tokens Incentivised,simulation_data
angle_a_tokens_incentivised_cum,Angle A Tokens Incentivised Cum,simulation_data
angle_a_tokens_apr_locked,Angle A Tokens Apr Locked,simulation_data
angle_a_tokens_apr_locked_cum,Angle A Tokens Apr Locked Cum,simulation_data
angle_a_tokens_apr_locked_remove,Angle A Tokens Apr Locked Remove,simulation_data
angle_a_tokens_apr_locked_rewards,Angle A Tokens Apr Locked Rewards,simulation_data
angle_a_tokens_buyback_locked,Angle A Tokens Buyback Locked,simulation_data
angle_a_tokens_buyback_locked_cum,Angle A Tokens Buyback Locked Cum,simulation_data
angle_a_tokens_buyback_locked_remove,Angle A Tokens Buyback Locked Remove,simulation_data
angle_a_tokens_buyback_locked_rewards,Angle A Tokens Buyback Locked Rewards,simulation_data
angle_a_tokens_staking_vesting_locked,Angle A Tokens Staking Vesting Locked,simulation_data
angle_a_tokens_staking_vesting_locked_cum,Angle A Tokens Staking Vesting Locked Cum,simulation_data
angle_a_tokens_staking_vesting_locked_remove,Angle A Tokens Staking Vesting Locked Remove,simulation_data
angle_a_tokens_staking_vesting_locked_rewards,Angle A Tokens Staking Vesting Locked Rewards,simulation_data
angle_a_tokens_liquidity_mining,Angle A Tokens Liquidity Mining,simulation_data
angle_a_tokens_liquidity_mining_cum,Angle A Tokens Liquidity Mining Cum,simulation_data
angle_a_tokens_liquidity_mining_remove,Angle A Tokens Liquidity Mining Remove,simulation_data
angle_a_tokens_liquidity_mining_rewards,Angle A Tokens Liquidity Mining Rewards,simulation_data
angle_a_tokens_transferred,Angle A Tokens Transferred,simulation_data
angle_a_tokens_transferred_cum,Angle A Tokens Transferred Cum,simulation_data
angle_a_tokens_burned,Angle A Tokens Burned,simulation_data
angle_a_tokens_burned_cum,Angle A Tokens Burned Cum,simulation_data
angle_a_selling_tokens,Angle A Selling Tokens,simulation_data
angle_a_utility_tokens,Angle A Utility Tokens,simulation_data
angle_a_holding_tokens,Angle A Holding Tokens,simulation_data
angle_a_selling_from_holding_tokens,Angle A Selling From Holding Tokens,simulation_data
angle_a_utility_from_holding_tokens,Angle A Utility From Holding Tokens,simulation_data
angle_a_holding_from_holding_tokens,Angle A Holding From Holding Tokens,simulation_data
angle_a_actions,Angle A Actions,simulation_data
angle_a_current_action,Angle A Current Action,simulation_data
seed_agents,Seed Agents,simulation_data
seed_a_name,Seed A Name,simulation_data
seed_a_type,Seed A Type,simulation_data
seed_a_usd_funds,Seed A Usd Funds,simulation_data
seed_a_tokens,Seed A Tokens,simulation_data
seed_a_tokens_vested,Seed A Tokens Vested,simulation_data
seed_a_tokens_vested_cum,Seed A Tokens Vested Cum,simulation_data
seed_a_tokens_airdropped,Seed A Tokens Airdropped,simulation_data
seed_a_tokens_airdropped_cum,Seed A Tokens Airdropped Cum,simulation_data
seed_a_tokens_incentivised,Seed A Tokens Incentivised,simulation_data
seed_a_tokens_incentivised_cum,Seed A Tokens Incentivised Cum,simulation_data
seed_a_tokens_apr_locked,Seed A Tokens Apr Locked,simulation_data
seed_a_tokens_apr_locked_cum,Seed A Tokens Apr Locked Cum,simulation_data
seed_a_tokens_apr_locked_remove,Seed A Tokens Apr Locked Remove,simulation_data
seed_a_tokens_apr_locked_rewards,Seed A Tokens Apr Locked Rewards,simulation_data
seed_a_tokens_buyback_locked,Seed A Tokens Buyback Locked,simulation_data
seed_a_tokens_buyback_locked_cum,Seed A Tokens Buyback Locked Cum,simulation_data
seed_a_tokens_buyback_locked_remove,Seed A Tokens Buyback Locked Remove,simulation_data
seed_a_tokens_buyback_locked_rewards,Seed A Tokens Buyback Locked Rewards,simulation_data
seed_a_tokens_staking_vesting_locked,Seed A Tokens Staking Vesting Locked,simulation_data
seed_a_tokens_staking_vesting_locked_cum,Seed A Tokens Staking Vesting Locked Cum,simulation_data
seed_a_tokens_staking_vesting_locked_remove,Seed A Tokens Staking Vesting Locked Remove,simulation_data
seed_a_tokens_staking_vesting_locked_rewards,Seed A Tokens Staking Vesting Locked Rewards,simulation_data
seed_a_tokens_liquidity_mining,Seed A Tokens Liquidity Mining,simulation_data
seed_a_tokens_liquidity_mining_cum,Seed A Tokens Liquidity Mining Cum,simulation_data
seed_a_tokens_liquidity_mining_remove,Seed A Tokens Liquidity Mining Remove,simulation_data
seed_a_tokens_liquidity_mining_rewards,Seed A Tokens Liquidity Mining Rewards,simulation_data
seed_a_tokens_transferred,Seed A Tokens Transferred,simulation_data
seed_a_tokens_transferred_cum,Seed A Tokens Transferred Cum,simulation_data
seed_a_tokens_burned,Seed A Tokens Burned,simulation_data
seed_a_tokens_burned_cum,Seed A Tokens Burned Cum,simulation_data
seed_a_selling_tokens,Seed A Selling Tokens,simulation_data
seed_a_utility_tokens,Seed A Utility Tokens,simulation_data
seed_a_holding_tokens,Seed A Holding Tokens,simulation_data
seed_a_selling_from_holding_tokens,Seed A Selling From Holding Tokens,simulation_data
seed_a_utility_from_holding_tokens,Seed A Utility From Holding Tokens,simulation_data
seed_a_holding_from_holding_tokens,Seed A Holding From Holding Tokens,simulation_data
seed_a_actions,Seed A Actions,simulation_data
seed_a_current_action,Seed A Current Action,simulation_data
presale_1_agents,Presale 1 Agents,simulation_data
presale_1_a_name,Presale 1 A Name,simulation_data
presale_1_a_type,Presale 1 A Type,simulation_data
presale_1_a_usd_funds,Presale 1 A Usd Funds,simulation_data
presale_1_a_tokens,Presale 1 A Tokens,simulation_data
presale_1_a_tokens_vested,Presale 1 A Tokens Vested,simulation_data
presale_1_a_tokens_vested_cum,Presale 1 A Tokens Vested Cum,simulation_data
presale_1_a_tokens_airdropped,Presale 1 A Tokens Airdropped,simulation_data
presale_1_a_tokens_airdropped_cum,Presale 1 A Tokens Airdropped Cum,simulation_data
presale_1_a_tokens_incentivised,Presale 1 A Tokens Incentivised,simulation_data
presale_1_a_tokens_incentivised_cum,Presale 1 A Tokens Incentivised Cum,simulation_data
presale_1_a_tokens_apr_locked,Presale 1 A Tokens Apr Locked,simulation_data
presale_1_a_tokens_apr_locked_cum,Presale 1 A Tokens Apr Locked Cum,simulation_data
presale_1_a_tokens_apr_locked_remove,Presale 1 A Tokens Apr Locked Remove,simulation_data
presale_1_a_tokens_apr_locked_rewards,Presale 1 A Tokens Apr Locked Rewards,simulation_data
presale_1_a_tokens_buyback_locked,Presale 1 A Tokens Buyback Locked,simulation_data
presale_1_a_tokens_buyback_locked_cum,Presale 1 A Tokens Buyback Locked Cum,simulation_data
presale_1_a_tokens_buyback_locked_remove,Presale 1 A Tokens Buyback Locked Remove,simulation_data
presale_1_a_tokens_buyback_locked_rewards,Presale 1 A Tokens Buyback Locked Rewards,simulation_data
presale_1_a_tokens_staking_vesting_locked,Presale 1 A Tokens Staking Vesting Locked,simulation_data
presale_1_a_tokens_staking_vesting_locked_cum,Presale 1 A Tokens Staking Vesting Locked Cum,simulation_data
presale_1_a_tokens_staking_vesting_locked_remove,Presale 1 A Tokens Staking Vesting Locked Remove,simulation_data
presale_1_a_tokens_staking_vesting_locked_rewards,Presale 1 A Tokens Staking Vesting Locked Rewards,simulation_data
presale_1_a_tokens_liquidity_mining,Presale 1 A Tokens Liquidity Mining,simulation_data
presale_1_a_tokens_liquidity_mining_cum,Presale 1 A Tokens Liquidity Mining Cum,simulation_data
presale_1_a_tokens_liquidity_mining_remove,Presale 1 A Tokens Liquidity Mining Remove,simulation_data
presale_1_a_tokens_liquidity_mining_rewards,Presale 1 A Tokens Liquidity Mining Rewards,simulation_data
presale_1_a_tokens_transferred,Presale 1 A Tokens Transferred,simulation_data
presale_1_a_tokens_transferred_cum,Presale 1 A Tokens Transferred Cum,simulation_data
presale_1_a_tokens_burned,Presale 1 A Tokens Burned,simulation_data
presale_1_a_tokens_burned_cum,Presale 1 A Tokens Burned Cum,simulation_data
presale_1_a_selling_tokens,Presale 1 A Selling Tokens,simulation_data
presale_1_a_utility_tokens,Presale 1 A Utility Tokens,simulation_data
presale_1_a_holding_tokens,Presale 1 A Holding Tokens,simulation_data
presale_1_a_selling_from_holding_tokens,Presale 1 A Selling From Holding Tokens,simulation_data
presale_1_a_utility_from_holding_tokens,Presale 1 A Utility From Holding Tokens,simulation_data
presale_1_a_holding_from_holding_tokens,Presale 1 A Holding From Holding Tokens,simulation_data
presale_1_a_actions,Presale 1 A Actions,simulation_data
presale_1_a_current_action,Presale 1 A Current Action,simulation_data
presale_2_agents,Presale 2 Agents,simulation_data
presale_2_a_name,Presale 2 A Name,simulation_data
presale_2_a_type,Presale 2 A Type,simulation_data
presale_2_a_usd_funds,Presale 2 A Usd Funds,simulation_data
presale_2_a_tokens,Presale 2 A Tokens,simulation_data
presale_2_a_tokens_vested,Presale 2 A Tokens Vested,simulation_data
presale_2_a_tokens_vested_cum,Presale 2 A Tokens Vested Cum,simulation_data
presale_2_a_tokens_airdropped,Presale 2 A Tokens Airdropped,simulation_data
presale_2_a_tokens_airdropped_cum,Presale 2 A Tokens Airdropped Cum,simulation_data
presale_2_a_tokens_incentivised,Presale 2 A Tokens Incentivised,simulation_data
presale_2_a_tokens_incentivised_cum,Presale 2 A Tokens Incentivised Cum,simulation_data
presale_2_a_tokens_apr_locked,Presale 2 A Tokens Apr Locked,simulation_data
presale_2_a_tokens_apr_locked_cum,Presale 2 A Tokens Apr Locked Cum,simulation_data
presale_2_a_tokens_apr_locked_remove,Presale 2 A Tokens Apr Locked Remove,simulation_data
presale_2_a_tokens_apr_locked_rewards,Presale 2 A Tokens Apr Locked Rewards,simulation_data
presale_2_a_tokens_buyback_locked,Presale 2 A Tokens Buyback Locked,simulation_data
presale_2_a_tokens_buyback_locked_cum,Presale 2 A Tokens Buyback Locked Cum,simulation_data
presale_2_a_tokens_buyback_locked_remove,Presale 2 A Tokens Buyback Locked Remove,simulation_data
presale_2_a_tokens_buyback_locked_rewards,Presale 2 A Tokens Buyback Locked Rewards,simulation_data
presale_2_a_tokens_staking_vesting_locked,Presale 2 A Tokens Staking Vesting Locked,simulation_data
presale_2_a_tokens_staking_vesting_locked_cum,Presale 2 A Tokens Staking Vesting Locked Cum,simulation_data
presale_2_a_tokens_staking_vesting_locked_remove,Presale 2 A Tokens Staking Vesting Locked Remove,simulation_data
presale_2_a_tokens_staking_vesting_locked_rewards,Presale 2 A Tokens Staking Vesting Locked Rewards,simulation_data
presale_2_a_tokens_liquidity_mining,Presale 2 A Tokens Liquidity Mining,simulation_data
presale_2_a_tokens_liquidity_mining_cum,Presale 2 A Tokens Liquidity Mining Cum,simulation_data
presale_2_a_tokens_liquidity_mining_remove,Presale 2 A Tokens Liquidity Mining Remove,simulation_data
presale_2_a_tokens_liquidity_mining_rewards,Presale 2 A Tokens Liquidity Mining Rewards,simulation_data
presale_2_a_tokens_transferred,Presale 2 A Tokens Transferred,simulation_data
presale_2_a_tokens_transferred_cum,Presale 2 A Tokens Transferred Cum,simulation_data
presale_2_a_tokens_burned,Presale 2 A Tokens Burned,simulation_data
presale_2_a_tokens_burned_cum,Presale 2 A Tokens Burned Cum,simulation_data
presale_2_a_selling_tokens,Presale 2 A Selling Tokens,simulation_data
presale_2_a_utility_tokens,Presale 2 A Utility Tokens,simulation_data
presale_2_a_holding_tokens,Presale 2 A Holding Tokens,simulation_data
presale_2_a_selling_from_holding_tokens,Presale 2 A Selling From Holding Tokens,simulation_data
presale_2_a_utility_from_holding_tokens,Presale 2 A Utility From Holding Tokens,simulation_data
presale_2_a_holding_from_holding_tokens,Presale 2 A Holding From Holding Tokens,simulation_data
presale_2_a_actions,Presale 2 A Actions,simulation_data
presale_2_a_current_action,Presale 2 A Current Action,simulation_data
public_sale_agents,Public Sale Agents,simulation_data
public_sale_a_name,Public Sale A Name,simulation_data
public_sale_a_type,Public Sale A Type,simulation_data
public_sale_a_usd_funds,Public Sale A Usd Funds,simulation_data
public_sale_a_tokens,Public Sale A Tokens,simulation_data
public_sale_a_tokens_vested,Public Sale A Tokens Vested,simulation_data
public_sale_a_tokens_vested_cum,Public Sale A Tokens Vested Cum,simulation_data
public_sale_a_tokens_airdropped,Public Sale A Tokens Airdropped,simulation_data
public_sale_a_tokens_airdropped_cum,Public Sale A Tokens Airdropped Cum,simulation_data
public_sale_a_tokens_incentivised,Public Sale A Tokens Incentivised,simulation_data
public_sale_a_tokens_incentivised_cum,Public Sale A Tokens Incentivised Cum,simulation_data
public_sale_a_tokens_apr_locked,Public Sale A Tokens Apr Locked,simulation_data
public_sale_a_tokens_apr_locked_cum,Public Sale A Tokens Apr Locked Cum,simulation_data
public_sale_a_tokens_apr_locked_remove,Public Sale A Tokens Apr Locked Remove,simulation_data
public_sale_a_tokens_apr_locked_rewards,Public Sale A Tokens Apr Locked Rewards,simulation_data
public_sale_a_tokens_buyback_locked,Public Sale A Tokens Buyback Locked,simulation_data
public_sale_a_tokens_buyback_locked_cum,Public Sale A Tokens Buyback Locked Cum,simulation_data
public_sale_a_tokens_buyback_locked_remove,Public Sale A Tokens Buyback Locked Remove,simulation_data
public_sale_a_tokens_buyback_locked_rewards,Public Sale A Tokens Buyback Locked Rewards,simulation_data
public_sale_a_tokens_staking_vesting_locked,Public Sale A Tokens Staking Vesting Locked,simulation_data
public_sale_a_tokens_staking_vesting_locked_cum,Public Sale A Tokens Staking Vesting Locked Cum,simulation_data
public_sale_a_tokens_staking_vesting_locked_remove,Public Sale A Tokens Staking Vesting Locked Remove,simulation_data
public_sale_a_tokens_staking_vesting_locked_rewards,Public Sale A Tokens Staking Vesting Locked Rewards,simulation_data
public_sale_a_tokens_liquidity_mining,Public Sale A Tokens Liquidity Mining,simulation_data
public_sale_a_tokens_liquidity_mining_cum,Public Sale A Tokens Liquidity Mining Cum,simulation_data
public_sale_a_tokens_liquidity_mining_remove,Public Sale A Tokens Liquidity Mining Remove,simulation_data
public_sale_a_tokens_liquidity_mining_rewards,Public Sale A Tokens Liquidity Mining Rewards,simulation_data
public_sale_a_tokens_transferred,Public Sale A Tokens Transferred,simulation_data
public_sale_a_tokens_transferred_cum,Public Sale A Tokens Transferred Cum,simulation_data
public_sale_a_tokens_burned,Public Sale A Tokens Burned,simulation_data
public_sale_a_tokens_burned_cum,Public Sale A Tokens Burned Cum,simulation_data
public_sale_a_selling_tokens,Public Sale A Selling Tokens,simulation_data
public_sale_a_utility_tokens,Public Sale A Utility Tokens,simulation_data
public_sale_a_holding_tokens,Public Sale A Holding Tokens,simulation_data
public_sale_a_selling_from_holding_tokens,Public Sale A Selling From Holding Tokens,simulation_data
public_sale_a_utility_from_holding_tokens,Public Sale A Utility From Holding Tokens,simulation_data
public_sale_a_holding_from_holding_tokens,Public Sale A Holding From Holding Tokens,simulation_data
public_sale_a_actions,Public Sale A Actions,simulation_data
public_sale_a_current_action,Public Sale A Current Action,simulation_data
team_agents,Team Agents,simulation_data
team_a_name,Team A Name,simulation_data
team_a_type,Team A Type,simulation_data
team_a_usd_funds,Team A Usd Funds,simulation_data
team_a_tokens,Team A Tokens,simulation_data
team_a_tokens_vested,Team A Tokens Vested,simulation_data
team_a_tokens_vested_cum,Team A Tokens Vested Cum,simulation_data
team_a_tokens_airdropped,Team A Tokens Airdropped,simulation_data
team_a_tokens_airdropped_cum,Team A Tokens Airdropped Cum,simulation_data
team_a_tokens_incentivised,Team A Tokens Incentivised,simulation_data
team_a_tokens_incentivised_cum,Team A Tokens Incentivised Cum,simulation_data
team_a_tokens_apr_locked,Team A Tokens Apr Locked,simulation_data
team_a_tokens_apr_locked_cum,Team A Tokens Apr Locked Cum,simulation_data
team_a_tokens_apr_locked_remove,Team A Tokens Apr Locked Remove,simulation_data
team_a_tokens_apr_locked_rewards,Team A Tokens Apr Locked Rewards,simulation_data
team_a_tokens_buyback_locked,Team A Tokens Buyback Locked,simulation_data
team_a_tokens_buyback_locked_cum,Team A Tokens Buyback Locked Cum,simulation_data
team_a_tokens_buyback_locked_remove,Team A Tokens Buyback Locked Remove,simulation_data
team_a_tokens_buyback_locked_rewards,Team A Tokens Buyback Locked Rewards,simulation_data
team_a_tokens_staking_vesting_locked,Team A Tokens Staking Vesting Locked,simulation_data
team_a_tokens_staking_vesting_locked_cum,Team A Tokens Staking Vesting Locked Cum,simulation_data
team_a_tokens_staking_vesting_locked_remove,Team A Tokens Staking Vesting Locked Remove,simulation_data
team_a_tokens_staking_vesting_locked_rewards,Team A Tokens Staking Vesting Locked Rewards,simulation_data
team_a_tokens_liquidity_mining,Team A Tokens Liquidity Mining,simulation_data
team_a_tokens_liquidity_mining_cum,Team A Tokens Liquidity Mining Cum,simulation_data
team_a_tokens_liquidity_mining_remove,Team A Tokens Liquidity Mining Remove,simulation_data
team_a_tokens_liquidity_mining_rewards,Team A Tokens Liquidity Mining Rewards,simulation_data
team_a_tokens_transferred,Team A Tokens Transferred,simulation_data
team_a_tokens_transferred_cum,Team A Tokens Transferred Cum,simulation_data
team_a_tokens_burned,Team A Tokens Burned,simulation_data
team_a_tokens_burned_cum,Team A Tokens Burned Cum,simulation_data
team_a_selling_tokens,Team A Selling Tokens,simulation_data
team_a_utility_tokens,Team A Utility Tokens,simulation_data
team_a_holding_tokens,Team A Holding Tokens,simulation_data
team_a_selling_from_holding_tokens,Team A Selling From Holding Tokens,simulation_data
team_a_utility_from_holding_tokens,Team A Utility From Holding Tokens,simulation_data
team_a_holding_from_holding_tokens,Team A Holding From Holding Tokens,simulation_data
team_a_actions,Team A Actions,simulation_data
team_a_current_action,Team A Current Action,simulation_data
ov_agents,Ov Agents,simulation_data
ov_a_name,Ov A Name,simulation_data
ov_a_type,Ov A Type,simulation_data
ov_a_usd_funds,Ov A Usd Funds,simulation_data
ov_a_tokens,Ov A Tokens,simulation_data
ov_a_tokens_vested,Ov A Tokens Vested,simulation_data
ov_a_tokens_vested_cum,Ov A Tokens Vested Cum,simulation_data
ov_a_tokens_airdropped,Ov A Tokens Airdropped,simulation_data
ov_a_tokens_airdropped_cum,Ov A Tokens Airdropped Cum,simulation_data
ov_a_tokens_incentivised,Ov A Tokens Incentivised,simulation_data
ov_a_tokens_incentivised_cum,Ov A Tokens Incentivised Cum,simulation_data
ov_a_tokens_apr_locked,Ov A Tokens Apr Locked,simulation_data
ov_a_tokens_apr_locked_cum,Ov A Tokens Apr Locked Cum,simulation_data
ov_a_tokens_apr_locked_remove,Ov A Tokens Apr Locked Remove,simulation_data
ov_a_tokens_apr_locked_rewards,Ov A Tokens Apr Locked Rewards,simulation_data
ov_a_tokens_buyback_locked,Ov A Tokens Buyback Locked,simulation_data
ov_a_tokens_buyback_locked_cum,Ov A Tokens Buyback Locked Cum,simulation_data
ov_a_tokens_buyback_locked_remove,Ov A Tokens Buyback Locked Remove,simulation_data
ov_a_tokens_buyback_locked_rewards,Ov A Tokens Buyback Locked Rewards,simulation_data
ov_a_tokens_staking_vesting_locked,Ov A Tokens Staking Vesting Locked,simulation_data
ov_a_tokens_staking_vesting_locked_cum,Ov A Tokens Staking Vesting Locked Cum,simulation_data
ov_a_tokens_staking_vesting_locked_remove,Ov A Tokens Staking Vesting Locked Remove,simulation_data
ov_a_tokens_staking_vesting_locked_rewards,Ov A Tokens Staking Vesting Locked Rewards,simulation_data
ov_a_tokens_liquidity_mining,Ov A Tokens Liquidity Mining,simulation_data
ov_a_tokens_liquidity_mining_cum,Ov A Tokens Liquidity Mining Cum,simulation_data
ov_a_tokens_liquidity_mining_remove,Ov A Tokens Liquidity Mining Remove,simulation_data
ov_a_tokens_liquidity_mining_rewards,Ov A Tokens Liquidity Mining Rewards,simulation_data
ov_a_tokens_transferred,Ov A Tokens Transferred,simulation_data
ov_a_tokens_transferred_cum,Ov A Tokens Transferred Cum,simulation_data
ov_a_tokens_burned,Ov A Tokens Burned,simulation_data
ov_a_tokens_burned_cum,Ov A Tokens Burned Cum,simulation_data
ov_a_selling_tokens,Ov A Selling Tokens,simulation_data
ov_a_utility_tokens,Ov A Utility Tokens,simulation_data
ov_a_holding_tokens,Ov A Holding Tokens,simulation_data
ov_a_selling_from_holding_tokens,Ov A Selling From Holding Tokens,simulation_data
ov_a_utility_from_holding_tokens,Ov A Utility From Holding Tokens,simulation_data
ov_a_holding_from_holding_tokens,Ov A Holding From Holding Tokens,simulation_data
ov_a_actions,Ov A Actions,simulation_data
ov_a_current_action,Ov A Current Action,simulation_data
advisor_agents,Advisor Agents,simulation_data
advisor_a_name,Advisor A Name,simulation_data
advisor_a_type,Advisor A Type,simulation_data
advisor_a_usd_funds,Advisor A Usd Funds,simulation_data
advisor_a_tokens,Advisor A Tokens,simulation_data
advisor_a_tokens_vested,Advisor A Tokens Vested,simulation_data
advisor_a_tokens_vested_cum,Advisor A Tokens Vested Cum,simulation_data
advisor_a_tokens_airdropped,Advisor A Tokens Airdropped,simulation_data
advisor_a_tokens_airdropped_cum,Advisor A Tokens Airdropped Cum,simulation_data
advisor_a_tokens_incentivised,Advisor A Tokens Incentivised,simulation_data
advisor_a_tokens_incentivised_cum,Advisor A Tokens Incentivised Cum,simulation_data
advisor_a_tokens_apr_locked,Advisor A Tokens Apr Locked,simulation_data
advisor_a_tokens_apr_locked_cum,Advisor A Tokens Apr Locked Cum,simulation_data
advisor_a_tokens_apr_locked_remove,Advisor A Tokens Apr Locked Remove,simulation_data
advisor_a_tokens_apr_locked_rewards,Advisor A Tokens Apr Locked Rewards,simulation_data
advisor_a_tokens_buyback_locked,Advisor A Tokens Buyback Locked,simulation_data
advisor_a_tokens_buyback_locked_cum,Advisor A Tokens Buyback Locked Cum,simulation_data
advisor_a_tokens_buyback_locked_remove,Advisor A Tokens Buyback Locked Remove,simulation_data
advisor_a_tokens_buyback_locked_rewards,Advisor A Tokens Buyback Locked Rewards,simulation_data
advisor_a_tokens_staking_vesting_locked,Advisor A Tokens Staking Vesting Locked,simulation_data
advisor_a_tokens_staking_vesting_locked_cum,Advisor A Tokens Staking Vesting Locked Cum,simulation_data
advisor_a_tokens_staking_vesting_locked_remove,Advisor A Tokens Staking Vesting Locked Remove,simulation_data
advisor_a_tokens_staking_vesting_locked_rewards,Advisor A Tokens Staking Vesting Locked Rewards,simulation_data
advisor_a_tokens_liquidity_mining,Advisor A Tokens Liquidity Mining,simulation_data
advisor_a_tokens_liquidity_mining_cum,Advisor A Tokens Liquidity Mining Cum,simulation_data
advisor_a_tokens_liquidity_mining_remove,Advisor A Tokens Liquidity Mining Remove,simulation_data
advisor_a_tokens_liquidity_mining_rewards,Advisor A Tokens Liquidity Mining Rewards,simulation_data
advisor_a_tokens_transferred,Advisor A Tokens Transferred,simulation_data
advisor_a_tokens_transferred_cum,Advisor A Tokens Transferred Cum,simulation_data
advisor_a_tokens_burned,Advisor A Tokens Burned,simulation_data
advisor_a_tokens_burned_cum,Advisor A Tokens Burned Cum,simulation_data
advisor_a_selling_tokens,Advisor A Selling Tokens,simulation_data
advisor_a_utility_tokens,Advisor A Utility Tokens,simulation_data
advisor_a_holding_tokens,Advisor A Holding Tokens,simulation_data
advisor_a_selling_from_holding_tokens,Advisor A Selling From Holding Tokens,simulation_data
advisor_a_utility_from_holding_tokens,Advisor A Utility From Holding Tokens,simulation_data
advisor_a_holding_from_holding_tokens,Advisor A Holding From Holding Tokens,simulation_data
advisor_a_actions,Advisor A Actions,simulation_data
advisor_a_current_action,Advisor A Current Action,simulation_data
strategic_partners_agents,Strategic Partners Agents,simulation_data
strategic_partners_a_name,Strategic Partners A Name,simulation_data
strategic_partners_a_type,Strategic Partners A Type,simulation_data
strategic_partners_a_usd_funds,Strategic Partners A Usd Funds,simulation_data
strategic_partners_a_tokens,Strategic Partners A Tokens,simulation_data
strategic_partners_a_tokens_vested,Strategic Partners A Tokens Vested,simulation_data
strategic_partners_a_tokens_vested_cum,Strategic Partners A Tokens Vested Cum,simulation_data
strategic_partners_a_tokens_airdropped,Strategic Partners A Tokens Airdropped,simulation_data
strategic_partners_a_tokens_airdropped_cum,Strategic Partners A Tokens Airdropped Cum,simulation_data
strategic_partners_a_tokens_incentivised,Strategic Partners A Tokens Incentivised,simulation_data
strategic_partners_a_tokens_incentivised_cum,Strategic Partners A Tokens Incentivised Cum,simulation_data
strategic_partners_a_tokens_apr_locked,Strategic Partners A Tokens Apr Locked,simulation_data
strategic_partners_a_tokens_apr_locked_cum,Strategic Partners A Tokens Apr Locked Cum,simulation_data
strategic_partners_a_tokens_apr_locked_remove,Strategic Partners A Tokens Apr Locked Remove,simulation_data
strategic_partners_a_tokens_apr_locked_rewards,Strategic Partners A Tokens Apr Locked Rewards,simulation_data
strategic_partners_a_tokens_buyback_locked,Strategic Partners A Tokens Buyback Locked,simulation_data
strategic_partners_a_tokens_buyback_locked_cum,Strategic Partners A Tokens Buyback Locked Cum,simulation_data
strategic_partners_a_tokens_buyback_locked_remove,Strategic Partners A Tokens Buyback Locked Remove,simulation_data
strategic_partners_a_tokens_buyback_locked_rewards,Strategic Partners A Tokens Buyback Locked Rewards,simulation_data
strategic_partners_a_tokens_staking_vesting_locked,Strategic Partners A Tokens Staking Vesting Locked,simulation_data
strategic_partners_a_tokens_staking_vesting_locked_cum,Strategic Partners A Tokens Staking Vesting Locked Cum,simulation_data
strategic_partners_a_tokens_staking_vesting_locked_remove,Strategic Partners A Tokens Staking Vesting Locked Remove,simulation_data
strategic_partners_a_tokens_staking_vesting_locked_rewards,Strategic Partners A Tokens Staking Vesting Locked Rewards,simulation_data
strategic_partners_a_tokens_liquidity_mining,Strategic Partners A Tokens Liquidity Mining,simulation_data
strategic_partners_a_tokens_liquidity_mining_cum,Strategic Partners A Tokens Liquidity Mining Cum,simulation_data
strategic_partners_a_tokens_liquidity_mining_remove,Strategic Partners A Tokens Liquidity Mining Remove,simulation_data
strategic_partners_a_tokens_liquidity_mining_rewards,Strategic Partners A Tokens Liquidity Mining Rewards,simulation_data
strategic_partners_a_tokens_transferred,Strategic Partners A Tokens Transferred,simulation_data
strategic_partners_a_tokens_transferred_cum,Strategic Partners A Tokens Transferred Cum,simulation_data
strategic_partners_a_tokens_burned,Strategic Partners A Tokens Burned,simulation_data
strategic_partners_a_tokens_burned_cum,Strategic Partners A Tokens Burned Cum,simulation_data
strategic_partners_a_selling_tokens,Strategic Partners A Selling Tokens,simulation_data
strategic_partners_a_utility_tokens,Strategic Partners A Utility Tokens,simulation_data
strategic_partners_a_holding_tokens,Strategic Partners A Holding Tokens,simulation_data
strategic_partners_a_selling_from_holding_tokens,Strategic Partners A Selling From Holding Tokens,simulation_data
strategic_partners_a_utility_from_holding_tokens,Strategic Partners A Utility From Holding Tokens,simulation_data
strategic_partners_a_holding_from_holding_tokens,Strategic Partners A Holding From Holding Tokens,simulation_data
strategic_partners_a_actions,Strategic Partners A Actions,simulation_data
strategic_partners_a_current_action,Strategic Partners A Current Action,simulation_data
reserve_agents,Reserve Agents,simulation_data
reserve_a_name,Reserve A Name,simulation_data
reserve_a_type,Reserve A Type,simulation_data
reserve_a_usd_funds,Reserve A Usd Funds,simulation_data
reserve_a_tokens,Reserve A Tokens,simulation_data
reserve_a_tokens_vested,Reserve A Tokens Vested,simulation_data
reserve_a_tokens_vested_cum,Reserve A Tokens Vested Cum,simulation_data
reserve_a_tokens_airdropped,Reserve A Tokens Airdropped,simulation_data
reserve_a_tokens_airdropped_cum,Reserve A Tokens Airdropped Cum,simulation_data
reserve_a_tokens_incentivised,Reserve A Tokens Incentivised,simulation_data
reserve_a_tokens_incentivised_cum,Reserve A Tokens Incentivised Cum,simulation_data
reserve_a_tokens_apr_locked,Reserve A Tokens Apr Locked,simulation_data
reserve_a_tokens_apr_locked_cum,Reserve A Tokens Apr Locked Cum,simulation_data
reserve_a_tokens_apr_locked_remove,Reserve A Tokens Apr Locked Remove,simulation_data
reserve_a_tokens_apr_locked_rewards,Reserve A Tokens Apr Locked Rewards,simulation_data
reserve_a_tokens_buyback_locked,Reserve A Tokens Buyback Locked,simulation_data
reserve_a_tokens_buyback_locked_cum,Reserve A Tokens Buyback Locked Cum,simulation_data
reserve_a_tokens_buyback_locked_remove,Reserve A Tokens Buyback Locked Remove,simulation_data
reserve_a_tokens_buyback_locked_rewards,Reserve A Tokens Buyback Locked Rewards,simulation_data
reserve_a_tokens_staking_vesting_locked,Reserve A Tokens Staking Vesting Locked,simulation_data
reserve_a_tokens_staking_vesting_locked_cum,Reserve A Tokens Staking Vesting Locked Cum,simulation_data
reserve_a_tokens_staking_vesting_locked_remove,Reserve A Tokens Staking Vesting Locked Remove,simulation_data
reserve_a_tokens_staking_vesting_locked_rewards,Reserve A Tokens Staking Vesting Locked Rewards,simulation_data
reserve_a_tokens_liquidity_mining,Reserve A Tokens Liquidity Mining,simulation_data
reserve_a_tokens_liquidity_mining_cum,Reserve A Tokens Liquidity Mining Cum,simulation_data
reserve_a_tokens_liquidity_mining_remove,Reserve A Tokens Liquidity Mining Remove,simulation_data
reserve_a_tokens_liquidity_mining_rewards,Reserve A Tokens Liquidity Mining Rewards,simulation_data
reserve_a_tokens_transferred,Reserve A Tokens Transferred,simulation_data
reserve_a_tokens_transferred_cum,Reserve A Tokens Transferred Cum,simulation_data
reserve_a_tokens_burned,Reserve A Tokens Burned,simulation_data
reserve_a_tokens_burned_cum,Reserve A Tokens Burned Cum,simulation_data
reserve_a_selling_tokens,Reserve A Selling Tokens,simulation_data
reserve_a_utility_tokens,Reserve A Utility Tokens,simulation_data
reserve_a_holding_tokens,Reserve A Holding Tokens,simulation_data
reserve_a_selling_from_holding_tokens,Reserve A Selling From Holding Tokens,simulation_data
reserve_a_utility_from_holding_tokens,Reserve A Utility From Holding Tokens,simulation_data
reserve_a_holding_from_holding_tokens,Reserve A Holding From Holding Tokens,simulation_data
reserve_a_actions,Reserve A Actions,simulation_data
reserve_a_current_action,Reserve A Current Action,simulation_data
community_agents,Community Agents,simulation_data
community_a_name,Community A Name,simulation_data
community_a_type,Community A Type,simulation_data
community_a_usd_funds,Community A Usd Funds,simulation_data
community_a_tokens,Community A Tokens,simulation_data
community_a_tokens_vested,Community A Tokens Vested,simulation_data
community_a_tokens_vested_cum,Community A Tokens Vested Cum,simulation_data
community_a_tokens_airdropped,Community A Tokens Airdropped,simulation_data
community_a_tokens_airdropped_cum,Community A Tokens Airdropped Cum,simulation_data
community_a_tokens_incentivised,Community A Tokens Incentivised,simulation_data
community_a_tokens_incentivised_cum,Community A Tokens Incentivised Cum,simulation_data
community_a_tokens_apr_locked,Community A Tokens Apr Locked,simulation_data
community_a_tokens_apr_locked_cum,Community A Tokens Apr Locked Cum,simulation_data
community_a_tokens_apr_locked_remove,Community A Tokens Apr Locked Remove,simulation_data
community_a_tokens_apr_locked_rewards,Community A Tokens Apr Locked Rewards,simulation_data
community_a_tokens_buyback_locked,Community A Tokens Buyback Locked,simulation_data
community_a_tokens_buyback_locked_cum,Community A Tokens Buyback Locked Cum,simulation_data
community_a_tokens_buyback_locked_remove,Community A Tokens Buyback Locked Remove,simulation_data
community_a_tokens_buyback_locked_rewards,Community A Tokens Buyback Locked Rewards,simulation_data
community_a_tokens_staking_vesting_locked,Community A Tokens Staking Vesting Locked,simulation_data
community_a_tokens_staking_vesting_locked_cum,Community A Tokens Staking Vesting Locked Cum,simulation_data
community_a_tokens_staking_vesting_locked_remove,Community A Tokens Staking Vesting Locked Remove,simulation_data
community_a_tokens_staking_vesting_locked_rewards,Community A Tokens Staking Vesting Locked Rewards,simulation_data
community_a_tokens_liquidity_mining,Community A Tokens Liquidity Mining,simulation_data
community_a_tokens_liquidity_mining_cum,Community A Tokens Liquidity Mining Cum,simulation_data
community_a_tokens_liquidity_mining_remove,Community A Tokens Liquidity Mining Remove,simulation_data
community_a_tokens_liquidity_mining_rewards,Community A Tokens Liquidity Mining Rewards,simulation_data
community_a_tokens_transferred,Community A Tokens Transferred,simulation_data
community_a_tokens_transferred_cum,Community A Tokens Transferred Cum,simulation_data
community_a_tokens_burned,Community A Tokens Burned,simulation_data
community_a_tokens_burned_cum,Community A Tokens Burned Cum,simulation_data
community_a_selling_tokens,Community A Selling Tokens,simulation_data
community_a_utility_tokens,Community A Utility Tokens,simulation_data
community_a_holding_tokens,Community A Holding Tokens,simulation_data
community_a_selling_from_holding_tokens,Community A Selling From Holding Tokens,simulation_data
community_a_utility_from_holding_tokens,Community A Utility From Holding Tokens,simulation_data
community_a_holding_from_holding_tokens,Community A Holding From Holding Tokens,simulation_data
community_a_actions,Community A Actions,simulation_data
community_a_current_action,Community A Current Action,simulation_data
foundation_agents,Foundation Agents,simulation_data
foundation_a_name,Foundation A Name,simulation_data
foundation_a_type,Foundation A Type,simulation_data
foundation_a_usd_funds,Foundation A Usd Funds,simulation_data
foundation_a_tokens,Foundation A Tokens,simulation_data
foundation_a_tokens_vested,Foundation A Tokens Vested,simulation_data
foundation_a_tokens_vested_cum,Foundation A Tokens Vested Cum,simulation_data
foundation_a_tokens_airdropped,Foundation A Tokens Airdropped,simulation_data
foundation_a_tokens_airdropped_cum,Foundation A Tokens Airdropped Cum,simulation_data
foundation_a_tokens_incentivised,Foundation A Tokens Incentivised,simulation_data
foundation_a_tokens_incentivised_cum,Foundation A Tokens Incentivised Cum,simulation_data
foundation_a_tokens_apr_locked,Foundation A Tokens Apr Locked,simulation_data
foundation_a_tokens_apr_locked_cum,Foundation A Tokens Apr Locked Cum,simulation_data
foundation_a_tokens_apr_locked_remove,Foundation A Tokens Apr Locked Remove,simulation_data
foundation_a_tokens_apr_locked_rewards,Foundation A Tokens Apr Locked Rewards,simulation_data
foundation_a_tokens_buyback_locked,Foundation A Tokens Buyback Locked,simulation_data
foundation_a_tokens_buyback_locked_cum,Foundation A Tokens Buyback Locked Cum,simulation_data
foundation_a_tokens_buyback_locked_remove,Foundation A Tokens Buyback Locked Remove,simulation_data
foundation_a_tokens_buyback_locked_rewards,Foundation A Tokens Buyback Locked Rewards,simulation_data
foundation_a_tokens_staking_vesting_locked,Foundation A Tokens Staking Vesting Locked,simulation_data
foundation_a_tokens_staking_vesting_locked_cum,Foundation A Tokens Staking Vesting Locked Cum,simulation_data
foundation_a_tokens_staking_vesting_locked_remove,Foundation A Tokens Staking Vesting Locked Remove,simulation_data
foundation_a_tokens_staking_vesting_locked_rewards,Foundation A Tokens Staking Vesting Locked Rewards,simulation_data
foundation_a_tokens_liquidity_mining,Foundation A Tokens Liquidity Mining,simulation_data
foundation_a_tokens_liquidity_mining_cum,Foundation A Tokens Liquidity Mining Cum,simulation_data
foundation_a_tokens_liquidity_mining_remove,Foundation A Tokens Liquidity Mining Remove,simulation_data
foundation_a_tokens_liquidity_mining_rewards,Foundation A Tokens Liquidity Mining Rewards,simulation_data
foundation_a_tokens_transferred,Foundation A Tokens Transferred,simulation_data
foundation_a_tokens_transferred_cum,Foundation A Tokens Transferred Cum,simulation_data
foundation_a_tokens_burned,Foundation A Tokens Burned,simulation_data
foundation_a_tokens_burned_cum,Foundation A Tokens Burned Cum,simulation_data
foundation_a_selling_tokens,Foundation A Selling Tokens,simulation_data
foundation_a_utility_tokens,Foundation A Utility Tokens,simulation_data
foundation_a_holding_tokens,Foundation A Holding Tokens,simulation_data
foundation_a_selling_from_holding_tokens,Foundation A Selling From Holding Tokens,simulation_data
foundation_a_utility_from_holding_tokens,Foundation A Utility From Holding Tokens,simulation_data
foundation_a_holding_from_holding_tokens,Foundation A Holding From Holding Tokens,simulation_data
foundation_a_actions,Foundation A Actions,simulation_data
foundation_a_current_action,Foundation A Current Action,simulation_data
incentivisation_agents,Incentivisation Agents,simulation_data
incentivisation_a_name,Incentivisation A Name,simulation_data
incentivisation_a_type,Incentivisation A Type,simulation_data
incentivisation_a_usd_funds,Incentivisation A Usd Funds,simulation_data
incentivisation_a_tokens,Incentivisation A Tokens,simulation_data
incentivisation_a_tokens_vested,Incentivisation A Tokens Vested,simulation_data
incentivisation_a_tokens_vested_cum,Incentivisation A Tokens Vested Cum,simulation_data
incentivisation_a_tokens_airdropped,Incentivisation A Tokens Airdropped,simulation_data
incentivisation_a_tokens_airdropped_cum,Incentivisation A Tokens Airdropped Cum,simulation_data
incentivisation_a_tokens_incentivised,Incentivisation A Tokens Incentivised,simulation_data
incentivisation_a_tokens_incentivised_cum,Incentivisation A Tokens Incentivised Cum,simulation_data
incentivisation_a_tokens_apr_locked,Incentivisation A Tokens Apr Locked,simulation_data
incentivisation_a_tokens_apr_locked_cum,Incentivisation A Tokens Apr Locked Cum,simulation_data
incentivisation_a_tokens_apr_locked_remove,Incentivisation A Tokens Apr Locked Remove,simulation_data
incentivisation_a_tokens_apr_locked_rewards,Incentivisation A Tokens Apr Locked Rewards,simulation_data
incentivisation_a_tokens_buyback_locked,Incentivisation A Tokens Buyback Locked,simulation_data
incentivisation_a_tokens_buyback_locked_cum,Incentivisation A Tokens Buyback Locked Cum,simulation_data
incentivisation_a_tokens_buyback_locked_remove,Incentivisation A Tokens Buyback Locked Remove,simulation_data
incentivisation_a_tokens_buyback_locked_rewards,Incentivisation A Tokens Buyback Locked Rewards,simulation_data
incentivisation_a_tokens_staking_vesting_locked,Incentivisation A Tokens Staking Vesting Locked,simulation_data
incentivisation_a_tokens_staking_vesting_locked_cum,Incentivisation A Tokens Staking Vesting Locked Cum,simulation_data
incentivisation_a_tokens_staking_vesting_locked_remove,Incentivisation A Tokens Staking Vesting Locked Remove,simulation_data
incentivisation_a_tokens_staking_vesting_locked_rewards,Incentivisation A Tokens Staking Vesting Locked Rewards,simulation_data
incentivisation_a_tokens_liquidity_mining,Incentivisation A Tokens Liquidity Mining,simulation_data
incentivisation_a_tokens_liquidity_mining_cum,Incentivisation A Tokens Liquidity Mining Cum,simulation_data
incentivisation_a_tokens_liquidity_mining_remove,Incentivisation A Tokens Liquidity Mining Remove,simulation_data
incentivisation_a_tokens_liquidity_mining_rewards,Incentivisation A Tokens Liquidity Mining Rewards,simulation_data
incentivisation_a_tokens_transferred,Incentivisation A Tokens Transferred,simulation_data
incentivisation_a_tokens_transferred_cum,Incentivisation A Tokens Transferred Cum,simulation_data
incentivisation_a_tokens_burned,Incentivisation A Tokens Burned,simulation_data
incentivisation_a_tokens_burned_cum,Incentivisation A Tokens Burned Cum,simulation_data
incentivisation_a_selling_tokens,Incentivisation A Selling Tokens,simulation_data
incentivisation_a_utility_tokens,Incentivisation A Utility Tokens,simulation_data
incentivisation_a_holding_tokens,Incentivisation A Holding Tokens,simulation_data
incentivisation_a_selling_from_holding_tokens,Incentivisation A Selling From Holding Tokens,simulation_data
incentivisation_a_utility_from_holding_tokens,Incentivisation A Utility From Holding Tokens,simulation_data
incentivisation_a_holding_from_holding_tokens,Incentivisation A Holding From Holding Tokens,simulation_data
incentivisation_a_actions,Incentivisation A Actions,simulation_data
incentivisation_a_current_action,Incentivisation A Current Action,simulation_data
staking_vesting_agents,Staking Vesting Agents,simulation_data
staking_vesting_a_name,Staking Vesting A Name,simulation_data
staking_vesting_a_type,Staking Vesting A Type,simulation_data
staking_vesting_a_usd_funds,Staking Vesting A Usd Funds,simulation_data
staking_vesting_a_tokens,Staking Vesting A Tokens,simulation_data
staking_vesting_a_tokens_vested,Staking Vesting A Tokens Vested,simulation_data
staking_vesting_a_tokens_vested_cum,Staking Vesting A Tokens Vested Cum,simulation_data
staking_vesting_a_tokens_airdropped,Staking Vesting A Tokens Airdropped,simulation_data
staking_vesting_a_tokens_airdropped_cum,Staking Vesting A Tokens Airdropped Cum,simulation_data
staking_vesting_a_tokens_incentivised,Staking Vesting A Tokens Incentivised,simulation_data
staking_vesting_a_tokens_incentivised_cum,Staking Vesting A Tokens Incentivised Cum,simulation_data
staking_vesting_a_tokens_apr_locked,Staking Vesting A Tokens Apr Locked,simulation_data
staking_vesting_a_tokens_apr_locked_cum,Staking Vesting A Tokens Apr Locked Cum,simulation_data
staking_vesting_a_tokens_apr_locked_remove,Staking Vesting A Tokens Apr Locked Remove,simulation_data
staking_vesting_a_tokens_apr_locked_rewards,Staking Vesting A Tokens Apr Locked Rewards,simulation_data
staking_vesting_a_tokens_buyback_locked,Staking Vesting A Tokens Buyback Locked,simulation_data
staking_vesting_a_tokens_buyback_locked_cum,Staking Vesting A Tokens Buyback Locked Cum,simulation_data
staking_vesting_a_tokens_buyback_locked_remove,Staking Vesting A Tokens Buyback Locked Remove,simulation_data
staking_vesting_a_tokens_buyback_locked_rewards,Staking Vesting A Tokens Buyback Locked Rewards,simulation_data
staking_vesting_a_tokens_staking_vesting_locked,Staking Vesting A Tokens Staking Vesting Locked,simulation_data
staking_vesting_a_tokens_staking_vesting_locked_cum,Staking Vesting A Tokens Staking Vesting Locked Cum,simulation_data
staking_vesting_a_tokens_staking_vesting_locked_remove,Staking Vesting A Tokens Staking Vesting Locked Remove,simulation_data
staking_vesting_a_tokens_staking_vesting_locked_rewards,Staking Vesting A Tokens Staking Vesting Locked Rewards,simulation_data
staking_vesting_a_tokens_liquidity_mining,Staking Vesting A Tokens Liquidity Mining,simulation_data
staking_vesting_a_tokens_liquidity_mining_cum,Staking Vesting A Tokens Liquidity Mining Cum,simulation_data
staking_vesting_a_tokens_liquidity_mining_remove,Staking Vesting A Tokens Liquidity Mining Remove,simulation_data
staking_vesting_a_tokens_liquidity_mining_rewards,Staking Vesting A Tokens Liquidity Mining Rewards,simulation_data
staking_vesting_a_tokens_transferred,Staking Vesting A Tokens Transferred,simulation_data
staking_vesting_a_tokens_transferred_cum,Staking Vesting A Tokens Transferred Cum,simulation_data
staking_vesting_a_tokens_burned,Staking Vesting A Tokens Burned,simulation_data
staking_vesting_a_tokens_burned_cum,Staking Vesting A Tokens Burned Cum,simulation_data
staking_vesting_a_selling_tokens,Staking Vesting A Selling Tokens,simulation_data
staking_vesting_a_utility_tokens,Staking Vesting A Utility Tokens,simulation_data
staking_vesting_a_holding_tokens,Staking Vesting A Holding Tokens,simulation_data
staking_vesting_a_selling_from_holding_tokens,Staking Vesting A Selling From Holding Tokens,simulation_data
staking_vesting_a_utility_from_holding_tokens,Staking Vesting A Utility From Holding Tokens,simulation_data
staking_vesting_a_holding_from_holding_tokens,Staking Vesting A Holding From Holding Tokens,simulation_data
staking_vesting_a_actions,Staking Vesting A Actions,simulation_data
staking_vesting_a_current_action,Staking Vesting A Current Action,simulation_data
market_investors_agents,Market Investors Agents,simulation_data
market_investors_a_name,Market Investors A Name,simulation_data
market_investors_a_type,Market Investors A Type,simulation_data
market_investors_a_usd_funds,Market Investors A Usd Funds,simulation_data
market_investors_a_tokens,Market Investors A Tokens,simulation_data
market_investors_a_tokens_vested,Market Investors A Tokens Vested,simulation_data
market_investors_a_tokens_vested_cum,Market Investors A Tokens Vested Cum,simulation_data
market_investors_a_tokens_airdropped,Market Investors A Tokens Airdropped,simulation_data
market_investors_a_tokens_airdropped_cum,Market Investors A Tokens Airdropped Cum,simulation_data
market_investors_a_tokens_incentivised,Market Investors A Tokens Incentivised,simulation_data
market_investors_a_tokens_incentivised_cum,Market Investors A Tokens Incentivised Cum,simulation_data
market_investors_a_tokens_apr_locked,Market Investors A Tokens Apr Locked,simulation_data
market_investors_a_tokens_apr_locked_cum,Market Investors A Tokens Apr Locked Cum,simulation_data
market_investors_a_tokens_apr_locked_remove,Market Investors A Tokens Apr Locked Remove,simulation_data
market_investors_a_tokens_apr_locked_rewards,Market Investors A Tokens Apr Locked Rewards,simulation_data
market_investors_a_tokens_buyback_locked,Market Investors A Tokens Buyback Locked,simulation_data
market_investors_a_tokens_buyback_locked_cum,Market Investors A Tokens Buyback Locked Cum,simulation_data
market_investors_a_tokens_buyback_locked_remove,Market Investors A Tokens Buyback Locked Remove,simulation_data
market_investors_a_tokens_buyback_locked_rewards,Market Investors A Tokens Buyback Locked Rewards,simulation_data
market_investors_a_tokens_staking_vesting_locked,Market Investors A Tokens Staking Vesting Locked,simulation_data
market_investors_a_tokens_staking_vesting_locked_cum,Market Investors A Tokens Staking Vesting Locked Cum,simulation_data
market_investors_a_tokens_staking_vesting_locked_remove,Market Investors A Tokens Staking Vesting Locked Remove,simulation_data
market_investors_a_tokens_staking_vesting_locked_rewards,Market Investors A Tokens Staking Vesting Locked Rewards,simulation_data
market_investors_a_tokens_liquidity_mining,Market Investors A Tokens Liquidity Mining,simulation_data
market_investors_a_tokens_liquidity_mining_cum,Market Investors A Tokens Liquidity Mining Cum,simulation_data
market_investors_a_tokens_liquidity_mining_remove,Market Investors A Tokens Liquidity Mining Remove,simulation_data
market_investors_a_tokens_liquidity_mining_rewards,Market Investors A Tokens Liquidity Mining Rewards,simulation_data
market_investors_a_tokens_transferred,Market Investors A Tokens Transferred,simulation_data
market_investors_a_tokens_transferred_cum,Market Investors A Tokens Transferred Cum,simulation_data
market_investors_a_tokens_burned,Market Investors A Tokens Burned,simulation_data
market_investors_a_tokens_burned_cum,Market Investors A Tokens Burned Cum,simulation_data
market_investors_a_selling_tokens,Market Investors A Selling Tokens,simulation_data
market_investors_a_utility_tokens,Market Investors A Utility Tokens,simulation_data
market_investors_a_holding_tokens,Market Investors A Holding Tokens,simulation_data
market_investors_a_selling_from_holding_tokens,Market Investors A Selling From Holding Tokens,simulation_data
market_investors_a_utility_from_holding_tokens,Market Investors A Utility From Holding Tokens,simulation_data
market_investors_a_holding_from_holding_tokens,Market Investors A Holding From Holding Tokens,simulation_data
market_investors_a_actions,Market Investors A Actions,simulation_data
market_investors_a_current_action,Market Investors A Current Action,simulation_data
airdrop_receivers_agents,Airdrop Receivers Agents,simulation_data
airdrop_receivers_a_name,Airdrop Receivers A Name,simulation_data
airdrop_receivers_a_type,Airdrop Receivers A Type,simulation_data
airdrop_receivers_a_usd_funds,Airdrop Receivers A Usd Funds,simulation_data
airdrop_receivers_a_tokens,Airdrop Receivers A Tokens,simulation_data
airdrop_receivers_a_tokens_vested,Airdrop Receivers A Tokens Vested,simulation_data
airdrop_receivers_a_tokens_vested_cum,Airdrop Receivers A Tokens Vested Cum,simulation_data
airdrop_receivers_a_tokens_airdropped,Airdrop Receivers A Tokens Airdropped,simulation_data
airdrop_receivers_a_tokens_airdropped_cum,Airdrop Receivers A Tokens Airdropped Cum,simulation_data
airdrop_receivers_a_tokens_incentivised,Airdrop Receivers A Tokens Incentivised,simulation_data
airdrop_receivers_a_tokens_incentivised_cum,Airdrop Receivers A Tokens Incentivised Cum,simulation_data
airdrop_receivers_a_tokens_apr_locked,Airdrop Receivers A Tokens Apr Locked,simulation_data
airdrop_receivers_a_tokens_apr_locked_cum,Airdrop Receivers A Tokens Apr Locked Cum,simulation_data
airdrop_receivers_a_tokens_apr_locked_remove,Airdrop Receivers A Tokens Apr Locked Remove,simulation_data
airdrop_receivers_a_tokens_apr_locked_rewards,Airdrop Receivers A Tokens Apr Locked Rewards,simulation_data
airdrop_receivers_a_tokens_buyback_locked,Airdrop Receivers A Tokens Buyback Locked,simulation_data
airdrop_receivers_a_tokens_buyback_locked_cum,Airdrop Receivers A Tokens Buyback Locked Cum,simulation_data
airdrop_receivers_a_tokens_buyback_locked_remove,Airdrop Receivers A Tokens Buyback Locked Remove,simulation_data
airdrop_receivers_a_tokens_buyback_locked_rewards,Airdrop Receivers A Tokens Buyback Locked Rewards,simulation_data
airdrop_receivers_a_tokens_staking_vesting_locked,Airdrop Receivers A Tokens Staking Vesting Locked,simulation_data
airdrop_receivers_a_tokens_staking_vesting_locked_cum,Airdrop Receivers A Tokens Staking Vesting Locked Cum,simulation_data
airdrop_receivers_a_tokens_staking_vesting_locked_remove,Airdrop Receivers A Tokens Staking Vesting Locked Remove,simulation_data
airdrop_receivers_a_tokens_staking_vesting_locked_rewards,Airdrop Receivers A Tokens Staking Vesting Locked Rewards,simulation_data
airdrop_receivers_a_tokens_liquidity_mining,Airdrop Receivers A Tokens Liquidity Mining,simulation_data
airdrop_receivers_a_tokens_liquidity_mining_cum,Airdrop Receivers A Tokens Liquidity Mining Cum,simulation_data
airdrop_receivers_a_tokens_liquidity_mining_remove,Airdrop Receivers A Tokens Liquidity Mining Remove,simulation_data
airdrop_receivers_a_tokens_liquidity_mining_rewards,Airdrop Receivers A Tokens Liquidity Mining Rewards,simulation_data
airdrop_receivers_a_tokens_transferred,Airdrop Receivers A Tokens Transferred,simulation_data
airdrop_receivers_a_tokens_transferred_cum,Airdrop Receivers A Tokens Transferred Cum,simulation_data
airdrop_receivers_a_tokens_burned,Airdrop Receivers A Tokens Burned,simulation_data
airdrop_receivers_a_tokens_burned_cum,Airdrop Receivers A Tokens Burned Cum,simulation_data
airdrop_receivers_a_selling_tokens,Airdrop Receivers A Selling Tokens,simulation_data
airdrop_receivers_a_utility_tokens,Airdrop Receivers A Utility Tokens,simulation_data
airdrop_receivers_a_holding_tokens,Airdrop Receivers A Holding Tokens,simulation_data
airdrop_receivers_a_selling_from_holding_tokens,Airdrop Receivers A Selling From Holding Tokens,simulation_data
airdrop_receivers_a_utility_from_holding_tokens,Airdrop Receivers A Utility From Holding Tokens,simulation_data
airdrop_receivers_a_holding_from_holding_tokens,Airdrop Receivers A Holding From Holding Tokens,simulation_data
airdrop_receivers_a_actions,Airdrop Receivers A Actions,simulation_data
airdrop_receivers_a_current_action,Airdrop Receivers A Current Action,simulation_data
incentivisation_receivers_agents,Incentivisation Receivers Agents,simulation_data
incentivisation_receivers_a_name,Incentivisation Receivers A Name,simulation_data
incentivisation_receivers_a_type,Incentivisation Receivers A Type,simulation_data
incentivisation_receivers_a_usd_funds,Incentivisation Receivers A Usd Funds,simulation_data
incentivisation_receivers_a_tokens,Incentivisation Receivers A Tokens,simulation_data
incentivisation_receivers_a_tokens_vested,Incentivisation Receivers A Tokens Vested,simulation_data
incentivisation_receivers_a_tokens_vested_cum,Incentivisation Receivers A Tokens Vested Cum,simulation_data
incentivisation_receivers_a_tokens_airdropped,Incentivisation Receivers A Tokens Airdropped,simulation_data
incentivisation_receivers_a_tokens_airdropped_cum,Incentivisation Receivers A Tokens Airdropped Cum,simulation_data
incentivisation_receivers_a_tokens_incentivised,Incentivisation Receivers A Tokens Incentivised,simulation_data
incentivisation_receivers_a_tokens_incentivised_cum,Incentivisation Receivers A Tokens Incentivised Cum,simulation_data
incentivisation_receivers_a_tokens_apr_locked,Incentivisation Receivers A Tokens Apr Locked,simulation_data
incentivisation_receivers_a_tokens_apr_locked_cum,Incentivisation Receivers A Tokens Apr Locked Cum,simulation_data
incentivisation_receivers_a_tokens_apr_locked_remove,Incentivisation Receivers A Tokens Apr Locked Remove,simulation_data
incentivisation_receivers_a_tokens_apr_locked_rewards,Incentivisation Receivers A Tokens Apr Locked Rewards,simulation_data
incentivisation_receivers_a_tokens_buyback_locked,Incentivisation Receivers A Tokens Buyback Locked,simulation_data
incentivisation_receivers_a_tokens_buyback_locked_cum,Incentivisation Receivers A Tokens Buyback Locked Cum,simulation_data
incentivisation_receivers_a_tokens_buyback_locked_remove,Incentivisation Receivers A Tokens Buyback Locked Remove,simulation_data
incentivisation_receivers_a_tokens_buyback_locked_rewards,Incentivisation Receivers A Tokens Buyback Locked Rewards,simulation_data
incentivisation_receivers_a_tokens_staking_vesting_locked,Incentivisation Receivers A Tokens Staking Vesting Locked,simulation_data
incentivisation_receivers_a_tokens_staking_vesting_locked_cum,Incentivisation Receivers A Tokens Staking Vesting Locked Cum,simulation_data
incentivisation_receivers_a_tokens_staking_vesting_locked_remove,Incentivisation Receivers A Tokens Staking Vesting Locked Remove,simulation_data
incentivisation_receivers_a_tokens_staking_vesting_locked_rewards,Incentivisation Receivers A Tokens Staking Vesting Locked Rewards,simulation_data
incentivisation_receivers_a_tokens_liquidity_mining,Incentivisation Receivers A Tokens Liquidity Mining,simulation_data
incentivisation_receivers_a_tokens_liquidity_mining_cum,Incentivisation Receivers A Tokens Liquidity Mining Cum,simulation_data
incentivisation_receivers_a_tokens_liquidity_mining_remove,Incentivisation Receivers A Tokens Liquidity Mining Remove,simulation_data
incentivisation_receivers_a_tokens_liquidity_mining_rewards,Incentivisation Receivers A Tokens Liquidity Mining Rewards,simulation_data
incentivisation_receivers_a_tokens_transferred,Incentivisation Receivers A Tokens Transferred,simulation_data
incentivisation_receivers_a_tokens_transferred_cum,Incentivisation Receivers A Tokens Transferred Cum,simulation_data
incentivisation_receivers_a_tokens_burned,Incentivisation Receivers A Tokens Burned,simulation_data
incentivisation_receivers_a_tokens_burned_cum,Incentivisation Receivers A Tokens Burned Cum,simulation_data
incentivisation_receivers_a_selling_tokens,Incentivisation Receivers A Selling Tokens,simulation_data
incentivisation_receivers_a_utility_tokens,Incentivisation Receivers A Utility Tokens,simulation_data
incentivisation_receivers_a_holding_tokens,Incentivisation Receivers A Holding Tokens,simulation_data
incentivisation_receivers_a_selling_from_holding_tokens,Incentivisation Receivers A Selling From Holding Tokens,simulation_data
incentivisation_receivers_a_utility_from_holding_tokens,Incentivisation Receivers A Utility From Holding Tokens,simulation_data
incentivisation_receivers_a_holding_from_holding_tokens,Incentivisation Receivers A Holding From Holding Tokens,simulation_data
incentivisation_receivers_a_actions,Incentivisation Receivers A Actions,simulation_data
incentivisation_receivers_a_current_action,Incentivisation Receivers A Current Action,simulation_data
u_staking_base_apr_allocation,U Staking Base Apr Allocation,simulation_data
u_staking_base_apr_allocation_cum,U Staking Base Apr Allocation Cum,simulation_data
u_staking_base_apr_remove,U Staking Base Apr Remove,simulation_data
u_staking_base_apr_rewards,U Staking Base Apr Rewards,simulation_data
u_buyback_from_revenue_share_usd,U Buyback From Revenue Share Usd,simulation_data
u_staking_revenue_share_allocation,U Staking Revenue Share Allocation,simulation_data
u_staking_revenue_share_allocation_cum,U Staking Revenue Share Allocation Cum,simulation_data
u_staking_revenue_share_remove,U Staking Revenue Share Remove,simulation_data
u_staking_revenue_share_rewards,U Staking Revenue Share Rewards,simulation_data
u_staking_vesting_allocation,U Staking Vesting Allocation,simulation_data
u_staking_vesting_allocation_cum,U Staking Vesting Allocation Cum,simulation_data
u_staking_vesting_remove,U Staking Vesting Remove,simulation_data
u_staking_vesting_rewards,U Staking Vesting Rewards,simulation_data
u_liquidity_mining_rewards,U Liquidity Mining Rewards,simulation_data
u_liquidity_mining_allocation,U Liquidity Mining Allocation,simulation_data
u_liquidity_mining_allocation_cum,U Liquidity Mining Allocation Cum,simulation_data
u_liquidity_mining_allocation_remove,U Liquidity Mining Allocation Remove,simulation_data
u_burning_allocation,U Burning Allocation,simulation_data
u_burning_allocation_cum,U Burning Allocation Cum,simulation_data
u_holding_allocation,U Holding Allocation,simulation_data
u_holding_allocation_cum,U Holding Allocation Cum,simulation_data
u_holding_rewards,U Holding Rewards,simulation_data
u_transfer_allocation,U Transfer Allocation,simulation_data
u_transfer_allocation_cum,U Transfer Allocation Cum,simulation_data
ua_product_users,Ua Product Users,simulation_data
ua_token_holders,Ua Token Holders,simulation_data
ua_product_revenue,Ua Product Revenue,simulation_data
ua_token_buys,Ua Token Buys,simulation_data
ba_cash_balance,Ba Cash Balance,simulation_data
ba_buybacks_usd,Ba Buybacks Usd,simulation_data
