Original Name,User-Friendly Name
timestep,Timestep
date,Date
run,Run
te_total_supply,Te Total Supply
te_circulating_supply,Te Circulating Supply
te_unvested_supply,Te Unvested Supply
te_holding_supply,Te Holding Supply
te_MC,Te Mc
te_FDV_MC,Te Fdv Mc
te_selling_perc,Te Selling Perc
te_utility_perc,Te Utility Perc
te_holding_perc,Te Holding Perc
te_remove_perc,Te Remove Perc
te_selling_allocation,Te Selling Allocation
te_utility_allocation,Te Utility Allocation
te_holding_allocation,Te Holding Allocation
te_selling_allocation_cum,Te Selling Allocation Cum
te_utility_allocation_cum,Te Utility Allocation Cum
te_holding_allocation_cum,Te Holding Allocation Cum
te_tokens_vested_cum,Te Tokens Vested Cum
te_tokens_burned,Te Tokens Burned
te_tokens_burned_cum,Te Tokens Burned Cum
te_tokens_burned_usd,Te Tokens Burned Usd
te_minted_tokens,Te Minted Tokens
te_minted_tokens_cum,Te Minted Tokens Cum
te_minted_tokens_usd,Te Minted Tokens Usd
te_incentivised_tokens,Te Incentivised Tokens
te_incentivised_tokens_usd,Te Incentivised Tokens Usd
te_incentivised_tokens_cum,Te Incentivised Tokens Cum
te_airdrop_tokens,Te Airdrop Tokens
te_airdrop_tokens_usd,Te Airdrop Tokens Usd
te_airdrop_tokens_cum,Te Airdrop Tokens Cum
lp_tokens,Lp Tokens
lp_usdc,Lp Usdc
lp_constant_product,Lp Constant Product
lp_token_price,Lp Token Price
lp_valuation,Lp Valuation
lp_volatility,Lp Volatility
lp_token_price_max,Lp Token Price Max
lp_token_price_min,Lp Token Price Min
lp_tokens_after_adoption,Lp Tokens After Adoption
lp_tokens_after_liquidity_addition,Lp Tokens After Liquidity Addition
lp_tokens_after_buyback,Lp Tokens After Buyback
angle_agents,Angle Agents
angle_a_name,Angle A Name
angle_a_type,Angle A Type
angle_a_usd_funds,Angle A Usd Funds
angle_a_tokens,Angle A Tokens
angle_a_tokens_vested,Angle A Tokens Vested
angle_a_tokens_vested_cum,Angle A Tokens Vested Cum
angle_a_tokens_airdropped,Angle A Tokens Airdropped
angle_a_tokens_airdropped_cum,Angle A Tokens Airdropped Cum
angle_a_tokens_incentivised,Angle A Tokens Incentivised
angle_a_tokens_incentivised_cum,Angle A Tokens Incentivised Cum
angle_a_tokens_apr_locked,Angle A Tokens Apr Locked
angle_a_tokens_apr_locked_cum,Angle A Tokens Apr Locked Cum
angle_a_tokens_apr_locked_remove,Angle A Tokens Apr Locked Remove
angle_a_tokens_apr_locked_rewards,Angle A Tokens Apr Locked Rewards
angle_a_tokens_buyback_locked,Angle A Tokens Buyback Locked
angle_a_tokens_buyback_locked_cum,Angle A Tokens Buyback Locked Cum
angle_a_tokens_buyback_locked_remove,Angle A Tokens Buyback Locked Remove
angle_a_tokens_buyback_locked_rewards,Angle A Tokens Buyback Locked Rewards
angle_a_tokens_staking_vesting_locked,Angle A Tokens Staking Vesting Locked
angle_a_tokens_staking_vesting_locked_cum,Angle A Tokens Staking Vesting Locked Cum
angle_a_tokens_staking_vesting_locked_remove,Angle A Tokens Staking Vesting Locked Remove
angle_a_tokens_staking_vesting_locked_rewards,Angle A Tokens Staking Vesting Locked Rewards
angle_a_tokens_liquidity_mining,Angle A Tokens Liquidity Mining
angle_a_tokens_liquidity_mining_cum,Angle A Tokens Liquidity Mining Cum
angle_a_tokens_liquidity_mining_remove,Angle A Tokens Liquidity Mining Remove
angle_a_tokens_liquidity_mining_rewards,Angle A Tokens Liquidity Mining Rewards
angle_a_tokens_transferred,Angle A Tokens Transferred
angle_a_tokens_transferred_cum,Angle A Tokens Transferred Cum
angle_a_tokens_burned,Angle A Tokens Burned
angle_a_tokens_burned_cum,Angle A Tokens Burned Cum
angle_a_selling_tokens,Angle A Selling Tokens
angle_a_utility_tokens,Angle A Utility Tokens
angle_a_holding_tokens,Angle A Holding Tokens
angle_a_selling_from_holding_tokens,Angle A Selling From Holding Tokens
angle_a_utility_from_holding_tokens,Angle A Utility From Holding Tokens
angle_a_holding_from_holding_tokens,Angle A Holding From Holding Tokens
angle_a_actions,Angle A Actions
angle_a_current_action,Angle A Current Action
seed_agents,Seed Agents
seed_a_name,Seed A Name
seed_a_type,Seed A Type
seed_a_usd_funds,Seed A Usd Funds
seed_a_tokens,Seed A Tokens
seed_a_tokens_vested,Seed A Tokens Vested
seed_a_tokens_vested_cum,Seed A Tokens Vested Cum
seed_a_tokens_airdropped,Seed A Tokens Airdropped
seed_a_tokens_airdropped_cum,Seed A Tokens Airdropped Cum
seed_a_tokens_incentivised,Seed A Tokens Incentivised
seed_a_tokens_incentivised_cum,Seed A Tokens Incentivised Cum
seed_a_tokens_apr_locked,Seed A Tokens Apr Locked
seed_a_tokens_apr_locked_cum,Seed A Tokens Apr Locked Cum
seed_a_tokens_apr_locked_remove,Seed A Tokens Apr Locked Remove
seed_a_tokens_apr_locked_rewards,Seed A Tokens Apr Locked Rewards
seed_a_tokens_buyback_locked,Seed A Tokens Buyback Locked
seed_a_tokens_buyback_locked_cum,Seed A Tokens Buyback Locked Cum
seed_a_tokens_buyback_locked_remove,Seed A Tokens Buyback Locked Remove
seed_a_tokens_buyback_locked_rewards,Seed A Tokens Buyback Locked Rewards
seed_a_tokens_staking_vesting_locked,Seed A Tokens Staking Vesting Locked
seed_a_tokens_staking_vesting_locked_cum,Seed A Tokens Staking Vesting Locked Cum
seed_a_tokens_staking_vesting_locked_remove,Seed A Tokens Staking Vesting Locked Remove
seed_a_tokens_staking_vesting_locked_rewards,Seed A Tokens Staking Vesting Locked Rewards
seed_a_tokens_liquidity_mining,Seed A Tokens Liquidity Mining
seed_a_tokens_liquidity_mining_cum,Seed A Tokens Liquidity Mining Cum
seed_a_tokens_liquidity_mining_remove,Seed A Tokens Liquidity Mining Remove
seed_a_tokens_liquidity_mining_rewards,Seed A Tokens Liquidity Mining Rewards
seed_a_tokens_transferred,Seed A Tokens Transferred
seed_a_tokens_transferred_cum,Seed A Tokens Transferred Cum
seed_a_tokens_burned,Seed A Tokens Burned
seed_a_tokens_burned_cum,Seed A Tokens Burned Cum
seed_a_selling_tokens,Seed A Selling Tokens
seed_a_utility_tokens,Seed A Utility Tokens
seed_a_holding_tokens,Seed A Holding Tokens
seed_a_selling_from_holding_tokens,Seed A Selling From Holding Tokens
seed_a_utility_from_holding_tokens,Seed A Utility From Holding Tokens
seed_a_holding_from_holding_tokens,Seed A Holding From Holding Tokens
seed_a_actions,Seed A Actions
seed_a_current_action,Seed A Current Action
presale_1_agents,Presale 1 Agents
presale_1_a_name,Presale 1 A Name
presale_1_a_type,Presale 1 A Type
presale_1_a_usd_funds,Presale 1 A Usd Funds
presale_1_a_tokens,Presale 1 A Tokens
presale_1_a_tokens_vested,Presale 1 A Tokens Vested
presale_1_a_tokens_vested_cum,Presale 1 A Tokens Vested Cum
presale_1_a_tokens_airdropped,Presale 1 A Tokens Airdropped
presale_1_a_tokens_airdropped_cum,Presale 1 A Tokens Airdropped Cum
presale_1_a_tokens_incentivised,Presale 1 A Tokens Incentivised
presale_1_a_tokens_incentivised_cum,Presale 1 A Tokens Incentivised Cum
presale_1_a_tokens_apr_locked,Presale 1 A Tokens Apr Locked
presale_1_a_tokens_apr_locked_cum,Presale 1 A Tokens Apr Locked Cum
presale_1_a_tokens_apr_locked_remove,Presale 1 A Tokens Apr Locked Remove
presale_1_a_tokens_apr_locked_rewards,Presale 1 A Tokens Apr Locked Rewards
presale_1_a_tokens_buyback_locked,Presale 1 A Tokens Buyback Locked
presale_1_a_tokens_buyback_locked_cum,Presale 1 A Tokens Buyback Locked Cum
presale_1_a_tokens_buyback_locked_remove,Presale 1 A Tokens Buyback Locked Remove
presale_1_a_tokens_buyback_locked_rewards,Presale 1 A Tokens Buyback Locked Rewards
presale_1_a_tokens_staking_vesting_locked,Presale 1 A Tokens Staking Vesting Locked
presale_1_a_tokens_staking_vesting_locked_cum,Presale 1 A Tokens Staking Vesting Locked Cum
presale_1_a_tokens_staking_vesting_locked_remove,Presale 1 A Tokens Staking Vesting Locked Remove
presale_1_a_tokens_staking_vesting_locked_rewards,Presale 1 A Tokens Staking Vesting Locked Rewards
presale_1_a_tokens_liquidity_mining,Presale 1 A Tokens Liquidity Mining
presale_1_a_tokens_liquidity_mining_cum,Presale 1 A Tokens Liquidity Mining Cum
presale_1_a_tokens_liquidity_mining_remove,Presale 1 A Tokens Liquidity Mining Remove
presale_1_a_tokens_liquidity_mining_rewards,Presale 1 A Tokens Liquidity Mining Rewards
presale_1_a_tokens_transferred,Presale 1 A Tokens Transferred
presale_1_a_tokens_transferred_cum,Presale 1 A Tokens Transferred Cum
presale_1_a_tokens_burned,Presale 1 A Tokens Burned
presale_1_a_tokens_burned_cum,Presale 1 A Tokens Burned Cum
presale_1_a_selling_tokens,Presale 1 A Selling Tokens
presale_1_a_utility_tokens,Presale 1 A Utility Tokens
presale_1_a_holding_tokens,Presale 1 A Holding Tokens
presale_1_a_selling_from_holding_tokens,Presale 1 A Selling From Holding Tokens
presale_1_a_utility_from_holding_tokens,Presale 1 A Utility From Holding Tokens
presale_1_a_holding_from_holding_tokens,Presale 1 A Holding From Holding Tokens
presale_1_a_actions,Presale 1 A Actions
presale_1_a_current_action,Presale 1 A Current Action
presale_2_agents,Presale 2 Agents
presale_2_a_name,Presale 2 A Name
presale_2_a_type,Presale 2 A Type
presale_2_a_usd_funds,Presale 2 A Usd Funds
presale_2_a_tokens,Presale 2 A Tokens
presale_2_a_tokens_vested,Presale 2 A Tokens Vested
presale_2_a_tokens_vested_cum,Presale 2 A Tokens Vested Cum
presale_2_a_tokens_airdropped,Presale 2 A Tokens Airdropped
presale_2_a_tokens_airdropped_cum,Presale 2 A Tokens Airdropped Cum
presale_2_a_tokens_incentivised,Presale 2 A Tokens Incentivised
presale_2_a_tokens_incentivised_cum,Presale 2 A Tokens Incentivised Cum
presale_2_a_tokens_apr_locked,Presale 2 A Tokens Apr Locked
presale_2_a_tokens_apr_locked_cum,Presale 2 A Tokens Apr Locked Cum
presale_2_a_tokens_apr_locked_remove,Presale 2 A Tokens Apr Locked Remove
presale_2_a_tokens_apr_locked_rewards,Presale 2 A Tokens Apr Locked Rewards
presale_2_a_tokens_buyback_locked,Presale 2 A Tokens Buyback Locked
presale_2_a_tokens_buyback_locked_cum,Presale 2 A Tokens Buyback Locked Cum
presale_2_a_tokens_buyback_locked_remove,Presale 2 A Tokens Buyback Locked Remove
presale_2_a_tokens_buyback_locked_rewards,Presale 2 A Tokens Buyback Locked Rewards
presale_2_a_tokens_staking_vesting_locked,Presale 2 A Tokens Staking Vesting Locked
presale_2_a_tokens_staking_vesting_locked_cum,Presale 2 A Tokens Staking Vesting Locked Cum
presale_2_a_tokens_staking_vesting_locked_remove,Presale 2 A Tokens Staking Vesting Locked Remove
presale_2_a_tokens_staking_vesting_locked_rewards,Presale 2 A Tokens Staking Vesting Locked Rewards
presale_2_a_tokens_liquidity_mining,Presale 2 A Tokens Liquidity Mining
presale_2_a_tokens_liquidity_mining_cum,Presale 2 A Tokens Liquidity Mining Cum
presale_2_a_tokens_liquidity_mining_remove,Presale 2 A Tokens Liquidity Mining Remove
presale_2_a_tokens_liquidity_mining_rewards,Presale 2 A Tokens Liquidity Mining Rewards
presale_2_a_tokens_transferred,Presale 2 A Tokens Transferred
presale_2_a_tokens_transferred_cum,Presale 2 A Tokens Transferred Cum
presale_2_a_tokens_burned,Presale 2 A Tokens Burned
presale_2_a_tokens_burned_cum,Presale 2 A Tokens Burned Cum
presale_2_a_selling_tokens,Presale 2 A Selling Tokens
presale_2_a_utility_tokens,Presale 2 A Utility Tokens
presale_2_a_holding_tokens,Presale 2 A Holding Tokens
presale_2_a_selling_from_holding_tokens,Presale 2 A Selling From Holding Tokens
presale_2_a_utility_from_holding_tokens,Presale 2 A Utility From Holding Tokens
presale_2_a_holding_from_holding_tokens,Presale 2 A Holding From Holding Tokens
presale_2_a_actions,Presale 2 A Actions
presale_2_a_current_action,Presale 2 A Current Action
public_sale_agents,Public Sale Agents
public_sale_a_name,Public Sale A Name
public_sale_a_type,Public Sale A Type
public_sale_a_usd_funds,Public Sale A Usd Funds
public_sale_a_tokens,Public Sale A Tokens
public_sale_a_tokens_vested,Public Sale A Tokens Vested
public_sale_a_tokens_vested_cum,Public Sale A Tokens Vested Cum
public_sale_a_tokens_airdropped,Public Sale A Tokens Airdropped
public_sale_a_tokens_airdropped_cum,Public Sale A Tokens Airdropped Cum
public_sale_a_tokens_incentivised,Public Sale A Tokens Incentivised
public_sale_a_tokens_incentivised_cum,Public Sale A Tokens Incentivised Cum
public_sale_a_tokens_apr_locked,Public Sale A Tokens Apr Locked
public_sale_a_tokens_apr_locked_cum,Public Sale A Tokens Apr Locked Cum
public_sale_a_tokens_apr_locked_remove,Public Sale A Tokens Apr Locked Remove
public_sale_a_tokens_apr_locked_rewards,Public Sale A Tokens Apr Locked Rewards
public_sale_a_tokens_buyback_locked,Public Sale A Tokens Buyback Locked
public_sale_a_tokens_buyback_locked_cum,Public Sale A Tokens Buyback Locked Cum
public_sale_a_tokens_buyback_locked_remove,Public Sale A Tokens Buyback Locked Remove
public_sale_a_tokens_buyback_locked_rewards,Public Sale A Tokens Buyback Locked Rewards
public_sale_a_tokens_staking_vesting_locked,Public Sale A Tokens Staking Vesting Locked
public_sale_a_tokens_staking_vesting_locked_cum,Public Sale A Tokens Staking Vesting Locked Cum
public_sale_a_tokens_staking_vesting_locked_remove,Public Sale A Tokens Staking Vesting Locked Remove
public_sale_a_tokens_staking_vesting_locked_rewards,Public Sale A Tokens Staking Vesting Locked Rewards
public_sale_a_tokens_liquidity_mining,Public Sale A Tokens Liquidity Mining
public_sale_a_tokens_liquidity_mining_cum,Public Sale A Tokens Liquidity Mining Cum
public_sale_a_tokens_liquidity_mining_remove,Public Sale A Tokens Liquidity Mining Remove
public_sale_a_tokens_liquidity_mining_rewards,Public Sale A Tokens Liquidity Mining Rewards
public_sale_a_tokens_transferred,Public Sale A Tokens Transferred
public_sale_a_tokens_transferred_cum,Public Sale A Tokens Transferred Cum
public_sale_a_tokens_burned,Public Sale A Tokens Burned
public_sale_a_tokens_burned_cum,Public Sale A Tokens Burned Cum
public_sale_a_selling_tokens,Public Sale A Selling Tokens
public_sale_a_utility_tokens,Public Sale A Utility Tokens
public_sale_a_holding_tokens,Public Sale A Holding Tokens
public_sale_a_selling_from_holding_tokens,Public Sale A Selling From Holding Tokens
public_sale_a_utility_from_holding_tokens,Public Sale A Utility From Holding Tokens
public_sale_a_holding_from_holding_tokens,Public Sale A Holding From Holding Tokens
public_sale_a_actions,Public Sale A Actions
public_sale_a_current_action,Public Sale A Current Action
team_agents,Team Agents
team_a_name,Team A Name
team_a_type,Team A Type
team_a_usd_funds,Team A Usd Funds
team_a_tokens,Team A Tokens
team_a_tokens_vested,Team A Tokens Vested
team_a_tokens_vested_cum,Team A Tokens Vested Cum
team_a_tokens_airdropped,Team A Tokens Airdropped
team_a_tokens_airdropped_cum,Team A Tokens Airdropped Cum
team_a_tokens_incentivised,Team A Tokens Incentivised
team_a_tokens_incentivised_cum,Team A Tokens Incentivised Cum
team_a_tokens_apr_locked,Team A Tokens Apr Locked
team_a_tokens_apr_locked_cum,Team A Tokens Apr Locked Cum
team_a_tokens_apr_locked_remove,Team A Tokens Apr Locked Remove
team_a_tokens_apr_locked_rewards,Team A Tokens Apr Locked Rewards
team_a_tokens_buyback_locked,Team A Tokens Buyback Locked
team_a_tokens_buyback_locked_cum,Team A Tokens Buyback Locked Cum
team_a_tokens_buyback_locked_remove,Team A Tokens Buyback Locked Remove
team_a_tokens_buyback_locked_rewards,Team A Tokens Buyback Locked Rewards
team_a_tokens_staking_vesting_locked,Team A Tokens Staking Vesting Locked
team_a_tokens_staking_vesting_locked_cum,Team A Tokens Staking Vesting Locked Cum
team_a_tokens_staking_vesting_locked_remove,Team A Tokens Staking Vesting Locked Remove
team_a_tokens_staking_vesting_locked_rewards,Team A Tokens Staking Vesting Locked Rewards
team_a_tokens_liquidity_mining,Team A Tokens Liquidity Mining
team_a_tokens_liquidity_mining_cum,Team A Tokens Liquidity Mining Cum
team_a_tokens_liquidity_mining_remove,Team A Tokens Liquidity Mining Remove
team_a_tokens_liquidity_mining_rewards,Team A Tokens Liquidity Mining Rewards
team_a_tokens_transferred,Team A Tokens Transferred
team_a_tokens_transferred_cum,Team A Tokens Transferred Cum
team_a_tokens_burned,Team A Tokens Burned
team_a_tokens_burned_cum,Team A Tokens Burned Cum
team_a_selling_tokens,Team A Selling Tokens
team_a_utility_tokens,Team A Utility Tokens
team_a_holding_tokens,Team A Holding Tokens
team_a_selling_from_holding_tokens,Team A Selling From Holding Tokens
team_a_utility_from_holding_tokens,Team A Utility From Holding Tokens
team_a_holding_from_holding_tokens,Team A Holding From Holding Tokens
team_a_actions,Team A Actions
team_a_current_action,Team A Current Action
ov_agents,Ov Agents
ov_a_name,Ov A Name
ov_a_type,Ov A Type
ov_a_usd_funds,Ov A Usd Funds
ov_a_tokens,Ov A Tokens
ov_a_tokens_vested,Ov A Tokens Vested
ov_a_tokens_vested_cum,Ov A Tokens Vested Cum
ov_a_tokens_airdropped,Ov A Tokens Airdropped
ov_a_tokens_airdropped_cum,Ov A Tokens Airdropped Cum
ov_a_tokens_incentivised,Ov A Tokens Incentivised
ov_a_tokens_incentivised_cum,Ov A Tokens Incentivised Cum
ov_a_tokens_apr_locked,Ov A Tokens Apr Locked
ov_a_tokens_apr_locked_cum,Ov A Tokens Apr Locked Cum
ov_a_tokens_apr_locked_remove,Ov A Tokens Apr Locked Remove
ov_a_tokens_apr_locked_rewards,Ov A Tokens Apr Locked Rewards
ov_a_tokens_buyback_locked,Ov A Tokens Buyback Locked
ov_a_tokens_buyback_locked_cum,Ov A Tokens Buyback Locked Cum
ov_a_tokens_buyback_locked_remove,Ov A Tokens Buyback Locked Remove
ov_a_tokens_buyback_locked_rewards,Ov A Tokens Buyback Locked Rewards
ov_a_tokens_staking_vesting_locked,Ov A Tokens Staking Vesting Locked
ov_a_tokens_staking_vesting_locked_cum,Ov A Tokens Staking Vesting Locked Cum
ov_a_tokens_staking_vesting_locked_remove,Ov A Tokens Staking Vesting Locked Remove
ov_a_tokens_staking_vesting_locked_rewards,Ov A Tokens Staking Vesting Locked Rewards
ov_a_tokens_liquidity_mining,Ov A Tokens Liquidity Mining
ov_a_tokens_liquidity_mining_cum,Ov A Tokens Liquidity Mining Cum
ov_a_tokens_liquidity_mining_remove,Ov A Tokens Liquidity Mining Remove
ov_a_tokens_liquidity_mining_rewards,Ov A Tokens Liquidity Mining Rewards
ov_a_tokens_transferred,Ov A Tokens Transferred
ov_a_tokens_transferred_cum,Ov A Tokens Transferred Cum
ov_a_tokens_burned,Ov A Tokens Burned
ov_a_tokens_burned_cum,Ov A Tokens Burned Cum
ov_a_selling_tokens,Ov A Selling Tokens
ov_a_utility_tokens,Ov A Utility Tokens
ov_a_holding_tokens,Ov A Holding Tokens
ov_a_selling_from_holding_tokens,Ov A Selling From Holding Tokens
ov_a_utility_from_holding_tokens,Ov A Utility From Holding Tokens
ov_a_holding_from_holding_tokens,Ov A Holding From Holding Tokens
ov_a_actions,Ov A Actions
ov_a_current_action,Ov A Current Action
advisor_agents,Advisor Agents
advisor_a_name,Advisor A Name
advisor_a_type,Advisor A Type
advisor_a_usd_funds,Advisor A Usd Funds
advisor_a_tokens,Advisor A Tokens
advisor_a_tokens_vested,Advisor A Tokens Vested
advisor_a_tokens_vested_cum,Advisor A Tokens Vested Cum
advisor_a_tokens_airdropped,Advisor A Tokens Airdropped
advisor_a_tokens_airdropped_cum,Advisor A Tokens Airdropped Cum
advisor_a_tokens_incentivised,Advisor A Tokens Incentivised
advisor_a_tokens_incentivised_cum,Advisor A Tokens Incentivised Cum
advisor_a_tokens_apr_locked,Advisor A Tokens Apr Locked
advisor_a_tokens_apr_locked_cum,Advisor A Tokens Apr Locked Cum
advisor_a_tokens_apr_locked_remove,Advisor A Tokens Apr Locked Remove
advisor_a_tokens_apr_locked_rewards,Advisor A Tokens Apr Locked Rewards
advisor_a_tokens_buyback_locked,Advisor A Tokens Buyback Locked
advisor_a_tokens_buyback_locked_cum,Advisor A Tokens Buyback Locked Cum
advisor_a_tokens_buyback_locked_remove,Advisor A Tokens Buyback Locked Remove
advisor_a_tokens_buyback_locked_rewards,Advisor A Tokens Buyback Locked Rewards
advisor_a_tokens_staking_vesting_locked,Advisor A Tokens Staking Vesting Locked
advisor_a_tokens_staking_vesting_locked_cum,Advisor A Tokens Staking Vesting Locked Cum
advisor_a_tokens_staking_vesting_locked_remove,Advisor A Tokens Staking Vesting Locked Remove
advisor_a_tokens_staking_vesting_locked_rewards,Advisor A Tokens Staking Vesting Locked Rewards
advisor_a_tokens_liquidity_mining,Advisor A Tokens Liquidity Mining
advisor_a_tokens_liquidity_mining_cum,Advisor A Tokens Liquidity Mining Cum
advisor_a_tokens_liquidity_mining_remove,Advisor A Tokens Liquidity Mining Remove
advisor_a_tokens_liquidity_mining_rewards,Advisor A Tokens Liquidity Mining Rewards
advisor_a_tokens_transferred,Advisor A Tokens Transferred
advisor_a_tokens_transferred_cum,Advisor A Tokens Transferred Cum
advisor_a_tokens_burned,Advisor A Tokens Burned
advisor_a_tokens_burned_cum,Advisor A Tokens Burned Cum
advisor_a_selling_tokens,Advisor A Selling Tokens
advisor_a_utility_tokens,Advisor A Utility Tokens
advisor_a_holding_tokens,Advisor A Holding Tokens
advisor_a_selling_from_holding_tokens,Advisor A Selling From Holding Tokens
advisor_a_utility_from_holding_tokens,Advisor A Utility From Holding Tokens
advisor_a_holding_from_holding_tokens,Advisor A Holding From Holding Tokens
advisor_a_actions,Advisor A Actions
advisor_a_current_action,Advisor A Current Action
strategic_partners_agents,Strategic Partners Agents
strategic_partners_a_name,Strategic Partners A Name
strategic_partners_a_type,Strategic Partners A Type
strategic_partners_a_usd_funds,Strategic Partners A Usd Funds
strategic_partners_a_tokens,Strategic Partners A Tokens
strategic_partners_a_tokens_vested,Strategic Partners A Tokens Vested
strategic_partners_a_tokens_vested_cum,Strategic Partners A Tokens Vested Cum
strategic_partners_a_tokens_airdropped,Strategic Partners A Tokens Airdropped
strategic_partners_a_tokens_airdropped_cum,Strategic Partners A Tokens Airdropped Cum
strategic_partners_a_tokens_incentivised,Strategic Partners A Tokens Incentivised
strategic_partners_a_tokens_incentivised_cum,Strategic Partners A Tokens Incentivised Cum
strategic_partners_a_tokens_apr_locked,Strategic Partners A Tokens Apr Locked
strategic_partners_a_tokens_apr_locked_cum,Strategic Partners A Tokens Apr Locked Cum
strategic_partners_a_tokens_apr_locked_remove,Strategic Partners A Tokens Apr Locked Remove
strategic_partners_a_tokens_apr_locked_rewards,Strategic Partners A Tokens Apr Locked Rewards
strategic_partners_a_tokens_buyback_locked,Strategic Partners A Tokens Buyback Locked
strategic_partners_a_tokens_buyback_locked_cum,Strategic Partners A Tokens Buyback Locked Cum
strategic_partners_a_tokens_buyback_locked_remove,Strategic Partners A Tokens Buyback Locked Remove
strategic_partners_a_tokens_buyback_locked_rewards,Strategic Partners A Tokens Buyback Locked Rewards
strategic_partners_a_tokens_staking_vesting_locked,Strategic Partners A Tokens Staking Vesting Locked
strategic_partners_a_tokens_staking_vesting_locked_cum,Strategic Partners A Tokens Staking Vesting Locked Cum
strategic_partners_a_tokens_staking_vesting_locked_remove,Strategic Partners A Tokens Staking Vesting Locked Remove
strategic_partners_a_tokens_staking_vesting_locked_rewards,Strategic Partners A Tokens Staking Vesting Locked Rewards
strategic_partners_a_tokens_liquidity_mining,Strategic Partners A Tokens Liquidity Mining
strategic_partners_a_tokens_liquidity_mining_cum,Strategic Partners A Tokens Liquidity Mining Cum
strategic_partners_a_tokens_liquidity_mining_remove,Strategic Partners A Tokens Liquidity Mining Remove
strategic_partners_a_tokens_liquidity_mining_rewards,Strategic Partners A Tokens Liquidity Mining Rewards
strategic_partners_a_tokens_transferred,Strategic Partners A Tokens Transferred
strategic_partners_a_tokens_transferred_cum,Strategic Partners A Tokens Transferred Cum
strategic_partners_a_tokens_burned,Strategic Partners A Tokens Burned
strategic_partners_a_tokens_burned_cum,Strategic Partners A Tokens Burned Cum
strategic_partners_a_selling_tokens,Strategic Partners A Selling Tokens
strategic_partners_a_utility_tokens,Strategic Partners A Utility Tokens
strategic_partners_a_holding_tokens,Strategic Partners A Holding Tokens
strategic_partners_a_selling_from_holding_tokens,Strategic Partners A Selling From Holding Tokens
strategic_partners_a_utility_from_holding_tokens,Strategic Partners A Utility From Holding Tokens
strategic_partners_a_holding_from_holding_tokens,Strategic Partners A Holding From Holding Tokens
strategic_partners_a_actions,Strategic Partners A Actions
strategic_partners_a_current_action,Strategic Partners A Current Action
reserve_agents,Reserve Agents
reserve_a_name,Reserve A Name
reserve_a_type,Reserve A Type
reserve_a_usd_funds,Reserve A Usd Funds
reserve_a_tokens,Reserve A Tokens
reserve_a_tokens_vested,Reserve A Tokens Vested
reserve_a_tokens_vested_cum,Reserve A Tokens Vested Cum
reserve_a_tokens_airdropped,Reserve A Tokens Airdropped
reserve_a_tokens_airdropped_cum,Reserve A Tokens Airdropped Cum
reserve_a_tokens_incentivised,Reserve A Tokens Incentivised
reserve_a_tokens_incentivised_cum,Reserve A Tokens Incentivised Cum
reserve_a_tokens_apr_locked,Reserve A Tokens Apr Locked
reserve_a_tokens_apr_locked_cum,Reserve A Tokens Apr Locked Cum
reserve_a_tokens_apr_locked_remove,Reserve A Tokens Apr Locked Remove
reserve_a_tokens_apr_locked_rewards,Reserve A Tokens Apr Locked Rewards
reserve_a_tokens_buyback_locked,Reserve A Tokens Buyback Locked
reserve_a_tokens_buyback_locked_cum,Reserve A Tokens Buyback Locked Cum
reserve_a_tokens_buyback_locked_remove,Reserve A Tokens Buyback Locked Remove
reserve_a_tokens_buyback_locked_rewards,Reserve A Tokens Buyback Locked Rewards
reserve_a_tokens_staking_vesting_locked,Reserve A Tokens Staking Vesting Locked
reserve_a_tokens_staking_vesting_locked_cum,Reserve A Tokens Staking Vesting Locked Cum
reserve_a_tokens_staking_vesting_locked_remove,Reserve A Tokens Staking Vesting Locked Remove
reserve_a_tokens_staking_vesting_locked_rewards,Reserve A Tokens Staking Vesting Locked Rewards
reserve_a_tokens_liquidity_mining,Reserve A Tokens Liquidity Mining
reserve_a_tokens_liquidity_mining_cum,Reserve A Tokens Liquidity Mining Cum
reserve_a_tokens_liquidity_mining_remove,Reserve A Tokens Liquidity Mining Remove
reserve_a_tokens_liquidity_mining_rewards,Reserve A Tokens Liquidity Mining Rewards
reserve_a_tokens_transferred,Reserve A Tokens Transferred
reserve_a_tokens_transferred_cum,Reserve A Tokens Transferred Cum
reserve_a_tokens_burned,Reserve A Tokens Burned
reserve_a_tokens_burned_cum,Reserve A Tokens Burned Cum
reserve_a_selling_tokens,Reserve A Selling Tokens
reserve_a_utility_tokens,Reserve A Utility Tokens
reserve_a_holding_tokens,Reserve A Holding Tokens
reserve_a_selling_from_holding_tokens,Reserve A Selling From Holding Tokens
reserve_a_utility_from_holding_tokens,Reserve A Utility From Holding Tokens
reserve_a_holding_from_holding_tokens,Reserve A Holding From Holding Tokens
reserve_a_actions,Reserve A Actions
reserve_a_current_action,Reserve A Current Action
community_agents,Community Agents
community_a_name,Community A Name
community_a_type,Community A Type
community_a_usd_funds,Community A Usd Funds
community_a_tokens,Community A Tokens
community_a_tokens_vested,Community A Tokens Vested
community_a_tokens_vested_cum,Community A Tokens Vested Cum
community_a_tokens_airdropped,Community A Tokens Airdropped
community_a_tokens_airdropped_cum,Community A Tokens Airdropped Cum
community_a_tokens_incentivised,Community A Tokens Incentivised
community_a_tokens_incentivised_cum,Community A Tokens Incentivised Cum
community_a_tokens_apr_locked,Community A Tokens Apr Locked
community_a_tokens_apr_locked_cum,Community A Tokens Apr Locked Cum
community_a_tokens_apr_locked_remove,Community A Tokens Apr Locked Remove
community_a_tokens_apr_locked_rewards,Community A Tokens Apr Locked Rewards
community_a_tokens_buyback_locked,Community A Tokens Buyback Locked
community_a_tokens_buyback_locked_cum,Community A Tokens Buyback Locked Cum
community_a_tokens_buyback_locked_remove,Community A Tokens Buyback Locked Remove
community_a_tokens_buyback_locked_rewards,Community A Tokens Buyback Locked Rewards
community_a_tokens_staking_vesting_locked,Community A Tokens Staking Vesting Locked
community_a_tokens_staking_vesting_locked_cum,Community A Tokens Staking Vesting Locked Cum
community_a_tokens_staking_vesting_locked_remove,Community A Tokens Staking Vesting Locked Remove
community_a_tokens_staking_vesting_locked_rewards,Community A Tokens Staking Vesting Locked Rewards
community_a_tokens_liquidity_mining,Community A Tokens Liquidity Mining
community_a_tokens_liquidity_mining_cum,Community A Tokens Liquidity Mining Cum
community_a_tokens_liquidity_mining_remove,Community A Tokens Liquidity Mining Remove
community_a_tokens_liquidity_mining_rewards,Community A Tokens Liquidity Mining Rewards
community_a_tokens_transferred,Community A Tokens Transferred
community_a_tokens_transferred_cum,Community A Tokens Transferred Cum
community_a_tokens_burned,Community A Tokens Burned
community_a_tokens_burned_cum,Community A Tokens Burned Cum
community_a_selling_tokens,Community A Selling Tokens
community_a_utility_tokens,Community A Utility Tokens
community_a_holding_tokens,Community A Holding Tokens
community_a_selling_from_holding_tokens,Community A Selling From Holding Tokens
community_a_utility_from_holding_tokens,Community A Utility From Holding Tokens
community_a_holding_from_holding_tokens,Community A Holding From Holding Tokens
community_a_actions,Community A Actions
community_a_current_action,Community A Current Action
foundation_agents,Foundation Agents
foundation_a_name,Foundation A Name
foundation_a_type,Foundation A Type
foundation_a_usd_funds,Foundation A Usd Funds
foundation_a_tokens,Foundation A Tokens
foundation_a_tokens_vested,Foundation A Tokens Vested
foundation_a_tokens_vested_cum,Foundation A Tokens Vested Cum
foundation_a_tokens_airdropped,Foundation A Tokens Airdropped
foundation_a_tokens_airdropped_cum,Foundation A Tokens Airdropped Cum
foundation_a_tokens_incentivised,Foundation A Tokens Incentivised
foundation_a_tokens_incentivised_cum,Foundation A Tokens Incentivised Cum
foundation_a_tokens_apr_locked,Foundation A Tokens Apr Locked
foundation_a_tokens_apr_locked_cum,Foundation A Tokens Apr Locked Cum
foundation_a_tokens_apr_locked_remove,Foundation A Tokens Apr Locked Remove
foundation_a_tokens_apr_locked_rewards,Foundation A Tokens Apr Locked Rewards
foundation_a_tokens_buyback_locked,Foundation A Tokens Buyback Locked
foundation_a_tokens_buyback_locked_cum,Foundation A Tokens Buyback Locked Cum
foundation_a_tokens_buyback_locked_remove,Foundation A Tokens Buyback Locked Remove
foundation_a_tokens_buyback_locked_rewards,Foundation A Tokens Buyback Locked Rewards
foundation_a_tokens_staking_vesting_locked,Foundation A Tokens Staking Vesting Locked
foundation_a_tokens_staking_vesting_locked_cum,Foundation A Tokens Staking Vesting Locked Cum
foundation_a_tokens_staking_vesting_locked_remove,Foundation A Tokens Staking Vesting Locked Remove
foundation_a_tokens_staking_vesting_locked_rewards,Foundation A Tokens Staking Vesting Locked Rewards
foundation_a_tokens_liquidity_mining,Foundation A Tokens Liquidity Mining
foundation_a_tokens_liquidity_mining_cum,Foundation A Tokens Liquidity Mining Cum
foundation_a_tokens_liquidity_mining_remove,Foundation A Tokens Liquidity Mining Remove
foundation_a_tokens_liquidity_mining_rewards,Foundation A Tokens Liquidity Mining Rewards
foundation_a_tokens_transferred,Foundation A Tokens Transferred
foundation_a_tokens_transferred_cum,Foundation A Tokens Transferred Cum
foundation_a_tokens_burned,Foundation A Tokens Burned
foundation_a_tokens_burned_cum,Foundation A Tokens Burned Cum
foundation_a_selling_tokens,Foundation A Selling Tokens
foundation_a_utility_tokens,Foundation A Utility Tokens
foundation_a_holding_tokens,Foundation A Holding Tokens
foundation_a_selling_from_holding_tokens,Foundation A Selling From Holding Tokens
foundation_a_utility_from_holding_tokens,Foundation A Utility From Holding Tokens
foundation_a_holding_from_holding_tokens,Foundation A Holding From Holding Tokens
foundation_a_actions,Foundation A Actions
foundation_a_current_action,Foundation A Current Action
incentivisation_agents,Incentivisation Agents
incentivisation_a_name,Incentivisation A Name
incentivisation_a_type,Incentivisation A Type
incentivisation_a_usd_funds,Incentivisation A Usd Funds
incentivisation_a_tokens,Incentivisation A Tokens
incentivisation_a_tokens_vested,Incentivisation A Tokens Vested
incentivisation_a_tokens_vested_cum,Incentivisation A Tokens Vested Cum
incentivisation_a_tokens_airdropped,Incentivisation A Tokens Airdropped
incentivisation_a_tokens_airdropped_cum,Incentivisation A Tokens Airdropped Cum
incentivisation_a_tokens_incentivised,Incentivisation A Tokens Incentivised
incentivisation_a_tokens_incentivised_cum,Incentivisation A Tokens Incentivised Cum
incentivisation_a_tokens_apr_locked,Incentivisation A Tokens Apr Locked
incentivisation_a_tokens_apr_locked_cum,Incentivisation A Tokens Apr Locked Cum
incentivisation_a_tokens_apr_locked_remove,Incentivisation A Tokens Apr Locked Remove
incentivisation_a_tokens_apr_locked_rewards,Incentivisation A Tokens Apr Locked Rewards
incentivisation_a_tokens_buyback_locked,Incentivisation A Tokens Buyback Locked
incentivisation_a_tokens_buyback_locked_cum,Incentivisation A Tokens Buyback Locked Cum
incentivisation_a_tokens_buyback_locked_remove,Incentivisation A Tokens Buyback Locked Remove
incentivisation_a_tokens_buyback_locked_rewards,Incentivisation A Tokens Buyback Locked Rewards
incentivisation_a_tokens_staking_vesting_locked,Incentivisation A Tokens Staking Vesting Locked
incentivisation_a_tokens_staking_vesting_locked_cum,Incentivisation A Tokens Staking Vesting Locked Cum
incentivisation_a_tokens_staking_vesting_locked_remove,Incentivisation A Tokens Staking Vesting Locked Remove
incentivisation_a_tokens_staking_vesting_locked_rewards,Incentivisation A Tokens Staking Vesting Locked Rewards
incentivisation_a_tokens_liquidity_mining,Incentivisation A Tokens Liquidity Mining
incentivisation_a_tokens_liquidity_mining_cum,Incentivisation A Tokens Liquidity Mining Cum
incentivisation_a_tokens_liquidity_mining_remove,Incentivisation A Tokens Liquidity Mining Remove
incentivisation_a_tokens_liquidity_mining_rewards,Incentivisation A Tokens Liquidity Mining Rewards
incentivisation_a_tokens_transferred,Incentivisation A Tokens Transferred
incentivisation_a_tokens_transferred_cum,Incentivisation A Tokens Transferred Cum
incentivisation_a_tokens_burned,Incentivisation A Tokens Burned
incentivisation_a_tokens_burned_cum,Incentivisation A Tokens Burned Cum
incentivisation_a_selling_tokens,Incentivisation A Selling Tokens
incentivisation_a_utility_tokens,Incentivisation A Utility Tokens
incentivisation_a_holding_tokens,Incentivisation A Holding Tokens
incentivisation_a_selling_from_holding_tokens,Incentivisation A Selling From Holding Tokens
incentivisation_a_utility_from_holding_tokens,Incentivisation A Utility From Holding Tokens
incentivisation_a_holding_from_holding_tokens,Incentivisation A Holding From Holding Tokens
incentivisation_a_actions,Incentivisation A Actions
incentivisation_a_current_action,Incentivisation A Current Action
staking_vesting_agents,Staking Vesting Agents
staking_vesting_a_name,Staking Vesting A Name
staking_vesting_a_type,Staking Vesting A Type
staking_vesting_a_usd_funds,Staking Vesting A Usd Funds
staking_vesting_a_tokens,Staking Vesting A Tokens
staking_vesting_a_tokens_vested,Staking Vesting A Tokens Vested
staking_vesting_a_tokens_vested_cum,Staking Vesting A Tokens Vested Cum
staking_vesting_a_tokens_airdropped,Staking Vesting A Tokens Airdropped
staking_vesting_a_tokens_airdropped_cum,Staking Vesting A Tokens Airdropped Cum
staking_vesting_a_tokens_incentivised,Staking Vesting A Tokens Incentivised
staking_vesting_a_tokens_incentivised_cum,Staking Vesting A Tokens Incentivised Cum
staking_vesting_a_tokens_apr_locked,Staking Vesting A Tokens Apr Locked
staking_vesting_a_tokens_apr_locked_cum,Staking Vesting A Tokens Apr Locked Cum
staking_vesting_a_tokens_apr_locked_remove,Staking Vesting A Tokens Apr Locked Remove
staking_vesting_a_tokens_apr_locked_rewards,Staking Vesting A Tokens Apr Locked Rewards
staking_vesting_a_tokens_buyback_locked,Staking Vesting A Tokens Buyback Locked
staking_vesting_a_tokens_buyback_locked_cum,Staking Vesting A Tokens Buyback Locked Cum
staking_vesting_a_tokens_buyback_locked_remove,Staking Vesting A Tokens Buyback Locked Remove
staking_vesting_a_tokens_buyback_locked_rewards,Staking Vesting A Tokens Buyback Locked Rewards
staking_vesting_a_tokens_staking_vesting_locked,Staking Vesting A Tokens Staking Vesting Locked
staking_vesting_a_tokens_staking_vesting_locked_cum,Staking Vesting A Tokens Staking Vesting Locked Cum
staking_vesting_a_tokens_staking_vesting_locked_remove,Staking Vesting A Tokens Staking Vesting Locked Remove
staking_vesting_a_tokens_staking_vesting_locked_rewards,Staking Vesting A Tokens Staking Vesting Locked Rewards
staking_vesting_a_tokens_liquidity_mining,Staking Vesting A Tokens Liquidity Mining
staking_vesting_a_tokens_liquidity_mining_cum,Staking Vesting A Tokens Liquidity Mining Cum
staking_vesting_a_tokens_liquidity_mining_remove,Staking Vesting A Tokens Liquidity Mining Remove
staking_vesting_a_tokens_liquidity_mining_rewards,Staking Vesting A Tokens Liquidity Mining Rewards
staking_vesting_a_tokens_transferred,Staking Vesting A Tokens Transferred
staking_vesting_a_tokens_transferred_cum,Staking Vesting A Tokens Transferred Cum
staking_vesting_a_tokens_burned,Staking Vesting A Tokens Burned
staking_vesting_a_tokens_burned_cum,Staking Vesting A Tokens Burned Cum
staking_vesting_a_selling_tokens,Staking Vesting A Selling Tokens
staking_vesting_a_utility_tokens,Staking Vesting A Utility Tokens
staking_vesting_a_holding_tokens,Staking Vesting A Holding Tokens
staking_vesting_a_selling_from_holding_tokens,Staking Vesting A Selling From Holding Tokens
staking_vesting_a_utility_from_holding_tokens,Staking Vesting A Utility From Holding Tokens
staking_vesting_a_holding_from_holding_tokens,Staking Vesting A Holding From Holding Tokens
staking_vesting_a_actions,Staking Vesting A Actions
staking_vesting_a_current_action,Staking Vesting A Current Action
market_investors_agents,Market Investors Agents
market_investors_a_name,Market Investors A Name
market_investors_a_type,Market Investors A Type
market_investors_a_usd_funds,Market Investors A Usd Funds
market_investors_a_tokens,Market Investors A Tokens
market_investors_a_tokens_vested,Market Investors A Tokens Vested
market_investors_a_tokens_vested_cum,Market Investors A Tokens Vested Cum
market_investors_a_tokens_airdropped,Market Investors A Tokens Airdropped
market_investors_a_tokens_airdropped_cum,Market Investors A Tokens Airdropped Cum
market_investors_a_tokens_incentivised,Market Investors A Tokens Incentivised
market_investors_a_tokens_incentivised_cum,Market Investors A Tokens Incentivised Cum
market_investors_a_tokens_apr_locked,Market Investors A Tokens Apr Locked
market_investors_a_tokens_apr_locked_cum,Market Investors A Tokens Apr Locked Cum
market_investors_a_tokens_apr_locked_remove,Market Investors A Tokens Apr Locked Remove
market_investors_a_tokens_apr_locked_rewards,Market Investors A Tokens Apr Locked Rewards
market_investors_a_tokens_buyback_locked,Market Investors A Tokens Buyback Locked
market_investors_a_tokens_buyback_locked_cum,Market Investors A Tokens Buyback Locked Cum
market_investors_a_tokens_buyback_locked_remove,Market Investors A Tokens Buyback Locked Remove
market_investors_a_tokens_buyback_locked_rewards,Market Investors A Tokens Buyback Locked Rewards
market_investors_a_tokens_staking_vesting_locked,Market Investors A Tokens Staking Vesting Locked
market_investors_a_tokens_staking_vesting_locked_cum,Market Investors A Tokens Staking Vesting Locked Cum
market_investors_a_tokens_staking_vesting_locked_remove,Market Investors A Tokens Staking Vesting Locked Remove
market_investors_a_tokens_staking_vesting_locked_rewards,Market Investors A Tokens Staking Vesting Locked Rewards
market_investors_a_tokens_liquidity_mining,Market Investors A Tokens Liquidity Mining
market_investors_a_tokens_liquidity_mining_cum,Market Investors A Tokens Liquidity Mining Cum
market_investors_a_tokens_liquidity_mining_remove,Market Investors A Tokens Liquidity Mining Remove
market_investors_a_tokens_liquidity_mining_rewards,Market Investors A Tokens Liquidity Mining Rewards
market_investors_a_tokens_transferred,Market Investors A Tokens Transferred
market_investors_a_tokens_transferred_cum,Market Investors A Tokens Transferred Cum
market_investors_a_tokens_burned,Market Investors A Tokens Burned
market_investors_a_tokens_burned_cum,Market Investors A Tokens Burned Cum
market_investors_a_selling_tokens,Market Investors A Selling Tokens
market_investors_a_utility_tokens,Market Investors A Utility Tokens
market_investors_a_holding_tokens,Market Investors A Holding Tokens
market_investors_a_selling_from_holding_tokens,Market Investors A Selling From Holding Tokens
market_investors_a_utility_from_holding_tokens,Market Investors A Utility From Holding Tokens
market_investors_a_holding_from_holding_tokens,Market Investors A Holding From Holding Tokens
market_investors_a_actions,Market Investors A Actions
market_investors_a_current_action,Market Investors A Current Action
airdrop_receivers_agents,Airdrop Receivers Agents
airdrop_receivers_a_name,Airdrop Receivers A Name
airdrop_receivers_a_type,Airdrop Receivers A Type
airdrop_receivers_a_usd_funds,Airdrop Receivers A Usd Funds
airdrop_receivers_a_tokens,Airdrop Receivers A Tokens
airdrop_receivers_a_tokens_vested,Airdrop Receivers A Tokens Vested
airdrop_receivers_a_tokens_vested_cum,Airdrop Receivers A Tokens Vested Cum
airdrop_receivers_a_tokens_airdropped,Airdrop Receivers A Tokens Airdropped
airdrop_receivers_a_tokens_airdropped_cum,Airdrop Receivers A Tokens Airdropped Cum
airdrop_receivers_a_tokens_incentivised,Airdrop Receivers A Tokens Incentivised
airdrop_receivers_a_tokens_incentivised_cum,Airdrop Receivers A Tokens Incentivised Cum
airdrop_receivers_a_tokens_apr_locked,Airdrop Receivers A Tokens Apr Locked
airdrop_receivers_a_tokens_apr_locked_cum,Airdrop Receivers A Tokens Apr Locked Cum
airdrop_receivers_a_tokens_apr_locked_remove,Airdrop Receivers A Tokens Apr Locked Remove
airdrop_receivers_a_tokens_apr_locked_rewards,Airdrop Receivers A Tokens Apr Locked Rewards
airdrop_receivers_a_tokens_buyback_locked,Airdrop Receivers A Tokens Buyback Locked
airdrop_receivers_a_tokens_buyback_locked_cum,Airdrop Receivers A Tokens Buyback Locked Cum
airdrop_receivers_a_tokens_buyback_locked_remove,Airdrop Receivers A Tokens Buyback Locked Remove
airdrop_receivers_a_tokens_buyback_locked_rewards,Airdrop Receivers A Tokens Buyback Locked Rewards
airdrop_receivers_a_tokens_staking_vesting_locked,Airdrop Receivers A Tokens Staking Vesting Locked
airdrop_receivers_a_tokens_staking_vesting_locked_cum,Airdrop Receivers A Tokens Staking Vesting Locked Cum
airdrop_receivers_a_tokens_staking_vesting_locked_remove,Airdrop Receivers A Tokens Staking Vesting Locked Remove
airdrop_receivers_a_tokens_staking_vesting_locked_rewards,Airdrop Receivers A Tokens Staking Vesting Locked Rewards
airdrop_receivers_a_tokens_liquidity_mining,Airdrop Receivers A Tokens Liquidity Mining
airdrop_receivers_a_tokens_liquidity_mining_cum,Airdrop Receivers A Tokens Liquidity Mining Cum
airdrop_receivers_a_tokens_liquidity_mining_remove,Airdrop Receivers A Tokens Liquidity Mining Remove
airdrop_receivers_a_tokens_liquidity_mining_rewards,Airdrop Receivers A Tokens Liquidity Mining Rewards
airdrop_receivers_a_tokens_transferred,Airdrop Receivers A Tokens Transferred
airdrop_receivers_a_tokens_transferred_cum,Airdrop Receivers A Tokens Transferred Cum
airdrop_receivers_a_tokens_burned,Airdrop Receivers A Tokens Burned
airdrop_receivers_a_tokens_burned_cum,Airdrop Receivers A Tokens Burned Cum
airdrop_receivers_a_selling_tokens,Airdrop Receivers A Selling Tokens
airdrop_receivers_a_utility_tokens,Airdrop Receivers A Utility Tokens
airdrop_receivers_a_holding_tokens,Airdrop Receivers A Holding Tokens
airdrop_receivers_a_selling_from_holding_tokens,Airdrop Receivers A Selling From Holding Tokens
airdrop_receivers_a_utility_from_holding_tokens,Airdrop Receivers A Utility From Holding Tokens
airdrop_receivers_a_holding_from_holding_tokens,Airdrop Receivers A Holding From Holding Tokens
airdrop_receivers_a_actions,Airdrop Receivers A Actions
airdrop_receivers_a_current_action,Airdrop Receivers A Current Action
incentivisation_receivers_agents,Incentivisation Receivers Agents
incentivisation_receivers_a_name,Incentivisation Receivers A Name
incentivisation_receivers_a_type,Incentivisation Receivers A Type
incentivisation_receivers_a_usd_funds,Incentivisation Receivers A Usd Funds
incentivisation_receivers_a_tokens,Incentivisation Receivers A Tokens
incentivisation_receivers_a_tokens_vested,Incentivisation Receivers A Tokens Vested
incentivisation_receivers_a_tokens_vested_cum,Incentivisation Receivers A Tokens Vested Cum
incentivisation_receivers_a_tokens_airdropped,Incentivisation Receivers A Tokens Airdropped
incentivisation_receivers_a_tokens_airdropped_cum,Incentivisation Receivers A Tokens Airdropped Cum
incentivisation_receivers_a_tokens_incentivised,Incentivisation Receivers A Tokens Incentivised
incentivisation_receivers_a_tokens_incentivised_cum,Incentivisation Receivers A Tokens Incentivised Cum
incentivisation_receivers_a_tokens_apr_locked,Incentivisation Receivers A Tokens Apr Locked
incentivisation_receivers_a_tokens_apr_locked_cum,Incentivisation Receivers A Tokens Apr Locked Cum
incentivisation_receivers_a_tokens_apr_locked_remove,Incentivisation Receivers A Tokens Apr Locked Remove
incentivisation_receivers_a_tokens_apr_locked_rewards,Incentivisation Receivers A Tokens Apr Locked Rewards
incentivisation_receivers_a_tokens_buyback_locked,Incentivisation Receivers A Tokens Buyback Locked
incentivisation_receivers_a_tokens_buyback_locked_cum,Incentivisation Receivers A Tokens Buyback Locked Cum
incentivisation_receivers_a_tokens_buyback_locked_remove,Incentivisation Receivers A Tokens Buyback Locked Remove
incentivisation_receivers_a_tokens_buyback_locked_rewards,Incentivisation Receivers A Tokens Buyback Locked Rewards
incentivisation_receivers_a_tokens_staking_vesting_locked,Incentivisation Receivers A Tokens Staking Vesting Locked
incentivisation_receivers_a_tokens_staking_vesting_locked_cum,Incentivisation Receivers A Tokens Staking Vesting Locked Cum
incentivisation_receivers_a_tokens_staking_vesting_locked_remove,Incentivisation Receivers A Tokens Staking Vesting Locked Remove
incentivisation_receivers_a_tokens_staking_vesting_locked_rewards,Incentivisation Receivers A Tokens Staking Vesting Locked Rewards
incentivisation_receivers_a_tokens_liquidity_mining,Incentivisation Receivers A Tokens Liquidity Mining
incentivisation_receivers_a_tokens_liquidity_mining_cum,Incentivisation Receivers A Tokens Liquidity Mining Cum
incentivisation_receivers_a_tokens_liquidity_mining_remove,Incentivisation Receivers A Tokens Liquidity Mining Remove
incentivisation_receivers_a_tokens_liquidity_mining_rewards,Incentivisation Receivers A Tokens Liquidity Mining Rewards
incentivisation_receivers_a_tokens_transferred,Incentivisation Receivers A Tokens Transferred
incentivisation_receivers_a_tokens_transferred_cum,Incentivisation Receivers A Tokens Transferred Cum
incentivisation_receivers_a_tokens_burned,Incentivisation Receivers A Tokens Burned
incentivisation_receivers_a_tokens_burned_cum,Incentivisation Receivers A Tokens Burned Cum
incentivisation_receivers_a_selling_tokens,Incentivisation Receivers A Selling Tokens
incentivisation_receivers_a_utility_tokens,Incentivisation Receivers A Utility Tokens
incentivisation_receivers_a_holding_tokens,Incentivisation Receivers A Holding Tokens
incentivisation_receivers_a_selling_from_holding_tokens,Incentivisation Receivers A Selling From Holding Tokens
incentivisation_receivers_a_utility_from_holding_tokens,Incentivisation Receivers A Utility From Holding Tokens
incentivisation_receivers_a_holding_from_holding_tokens,Incentivisation Receivers A Holding From Holding Tokens
incentivisation_receivers_a_actions,Incentivisation Receivers A Actions
incentivisation_receivers_a_current_action,Incentivisation Receivers A Current Action
u_staking_base_apr_allocation,U Staking Base Apr Allocation
u_staking_base_apr_allocation_cum,U Staking Base Apr Allocation Cum
u_staking_base_apr_remove,U Staking Base Apr Remove
u_staking_base_apr_rewards,U Staking Base Apr Rewards
u_buyback_from_revenue_share_usd,U Buyback From Revenue Share Usd
u_staking_revenue_share_allocation,U Staking Revenue Share Allocation
u_staking_revenue_share_allocation_cum,U Staking Revenue Share Allocation Cum
u_staking_revenue_share_remove,U Staking Revenue Share Remove
u_staking_revenue_share_rewards,U Staking Revenue Share Rewards
u_staking_vesting_allocation,U Staking Vesting Allocation
u_staking_vesting_allocation_cum,U Staking Vesting Allocation Cum
u_staking_vesting_remove,U Staking Vesting Remove
u_staking_vesting_rewards,U Staking Vesting Rewards
u_liquidity_mining_rewards,U Liquidity Mining Rewards
u_liquidity_mining_allocation,U Liquidity Mining Allocation
u_liquidity_mining_allocation_cum,U Liquidity Mining Allocation Cum
u_liquidity_mining_allocation_remove,U Liquidity Mining Allocation Remove
u_burning_allocation,U Burning Allocation
u_burning_allocation_cum,U Burning Allocation Cum
u_holding_allocation,U Holding Allocation
u_holding_allocation_cum,U Holding Allocation Cum
u_holding_rewards,U Holding Rewards
u_transfer_allocation,U Transfer Allocation
u_transfer_allocation_cum,U Transfer Allocation Cum
ua_product_users,Ua Product Users
ua_token_holders,Ua Token Holders
ua_product_revenue,Ua Product Revenue
ua_token_buys,Ua Token Buys
ba_cash_balance,Ba Cash Balance
ba_buybacks_usd,Ba Buybacks Usd
